{"type": "FeatureCollection", "features": [{"type": "Feature", "geometry": {"type": "Polygon", "coordinates": [[[88.96709633299997, 22.192634499999997], [88.96741350000002, 22.187877000000015], [88.97026799999998, 22.176459000000023], [88.97312249999999, 22.165992500000016], [88.979783, 22.159332000000006], [88.98263750000001, 22.154574500000024], [88.98867272899997, 22.153188028999978], [88.9940555, 22.146010999999987], [88.9940555, 22.143156499999975], [88.99310400000002, 22.132690000000025], [88.99120099999999, 22.121271999999976], [88.98739499999999, 22.109853999999984], [88.98168600000002, 22.099387499999978], [88.97883150000001, 22.091775499999983], [88.972171, 22.079406000000006], [88.97026799999998, 22.067036499999972], [88.968365, 22.06227899999999], [88.96646199999998, 22.054666999999995], [88.96455900000001, 22.049909500000012], [88.97026799999998, 22.046103500000015], [88.97502550000002, 22.044200499999988], [88.98168600000002, 22.04039449999999], [88.98168600000002, 22.03753999999998], [88.979783, 22.029927999999984], [88.97121950000002, 22.012801000000024], [88.97312249999999, 22.010897999999997], [88.97788000000003, 22.007092], [88.98073449999998, 21.99852850000002], [88.97883150000001, 21.99377099999998], [88.97788000000003, 21.989964999999984], [88.98168600000002, 21.988062000000014], [88.98929800000002, 21.9852075], [88.99310400000002, 21.98045000000002], [88.99500699999999, 21.97378950000001], [89.00071600000001, 21.977595500000007], [89.0054735, 21.98235299999999], [89.012134, 21.9852075], [89.01689149999999, 21.98045000000002], [89.01498850000002, 21.972838000000024], [89.01023099999998, 21.969032000000027], [89.0054735, 21.964274499999988], [89.00071600000001, 21.955711000000008], [89.0016675, 21.94714750000003], [89.01118250000002, 21.94048700000002], [89.01879450000001, 21.93382650000001], [89.03306700000002, 21.925262999999973], [89.02735799999999, 21.923360000000002], [89.023552, 21.916699499999993], [89.02069749999998, 21.910990500000025], [89.01784300000003, 21.901475500000004], [89.01498850000002, 21.891008999999997], [89.01689149999999, 21.883397000000002], [89.02450349999998, 21.874833500000022], [89.0302125, 21.869124499999998], [89.0340185, 21.86056100000002], [89.0340185, 21.852949000000024], [89.03306700000002, 21.839628000000005], [89.02926100000002, 21.826306999999986], [89.02545500000002, 21.809180000000026], [89.023552, 21.799665000000005], [89.02450349999998, 21.787295500000027], [89.02450349999998, 21.774925999999994], [89.02830949999998, 21.769217000000026], [89.03211549999997, 21.755896000000007], [89.0416305, 21.7454295], [89.05019399999998, 21.73876899999999], [89.05780600000003, 21.73210849999998], [89.059709, 21.726399500000014], [89.04258199999998, 21.722593500000016], [89.02830949999998, 21.71878750000002], [89.01784300000003, 21.71878750000002], [89.01023099999998, 21.715933000000007], [89.00261899999998, 21.71878750000002], [88.99120099999999, 21.724496499999987], [88.97883150000001, 21.731156999999996], [88.97883150000001, 21.73686600000002], [88.98929800000002, 21.740672000000018], [88.98549200000002, 21.747332500000027], [88.97883150000001, 21.744478000000015], [88.97026799999998, 21.73591449999998], [88.96741350000002, 21.7454295], [88.96360750000002, 21.753041499999995], [88.95884999999998, 21.755896000000007], [88.94743199999999, 21.75875050000002], [88.94077149999998, 21.76065349999999], [88.93030499999998, 21.764459499999987], [88.92459600000001, 21.75875050000002], [88.92745050000002, 21.746380999999985], [88.9255475, 21.731156999999996], [88.91888699999998, 21.72544799999997], [88.87892399999998, 21.7454295], [88.8741665, 21.756847499999992], [88.8703605, 21.765410999999972], [88.86084549999998, 21.771119999999996], [88.852282, 21.774925999999994], [88.83991250000003, 21.77397450000001], [88.8303975, 21.77682900000002], [88.8303975, 21.783489499999973], [88.83230049999997, 21.79205300000001], [88.83610650000003, 21.804422499999987], [88.83230049999997, 21.823452499999973], [88.83230049999997, 21.835822000000007], [88.8303975, 21.842482500000017], [88.81802800000003, 21.84724], [88.8018525, 21.841530999999975], [88.78948300000002, 21.842482500000017], [88.77901650000001, 21.842482500000017], [88.77140450000002, 21.84057949999999], [88.772356, 21.85390050000001], [88.779968, 21.85580349999998], [88.779968, 21.861512500000003], [88.77330749999999, 21.869124499999998], [88.77140450000002, 21.877687999999978], [88.7580835, 21.88054249999999], [88.75618050000003, 21.887203], [88.74952000000002, 21.89005750000001], [88.7466655, 21.89576649999998], [88.740005, 21.899572499999977], [88.732393, 21.901475500000004], [88.72668399999998, 21.903378499999974], [88.72097500000001, 21.910038999999983], [88.71621750000003, 21.910990500000025], [88.71621750000003, 21.924311499999988], [88.72097500000001, 21.932875000000024], [88.72287799999998, 21.93858399999999], [88.72287799999998, 21.946195999999986], [88.72573249999999, 21.978546999999992], [88.73524750000001, 21.98045000000002], [88.74856849999998, 21.984256000000016], [88.75332600000002, 21.995674000000008], [88.7580835, 22.006140500000015], [88.76093800000001, 22.021364500000004], [88.75618050000003, 22.03563700000001], [88.74952000000002, 22.048006499999985], [88.74856849999998, 22.064182000000017], [88.7542775, 22.0689395], [88.7580835, 22.07845450000002], [88.76474400000001, 22.08416349999999], [88.776162, 22.087018], [88.78091949999998, 22.090823999999998], [88.78187100000002, 22.097484500000007], [88.783774, 22.105096500000002], [88.78853149999998, 22.1089025], [88.79994950000003, 22.11365999999998], [88.80470700000001, 22.116514499999994], [88.80470700000001, 22.126029500000016], [88.812319, 22.128884000000028], [88.819931, 22.126029500000016], [88.83134899999999, 22.126981], [88.84086400000001, 22.126981], [88.84657299999998, 22.12412649999999], [88.85133050000002, 22.12032049999999], [88.85323349999999, 22.114611500000024], [88.85703949999998, 22.104145000000017], [88.86274850000001, 22.098435999999992], [88.87131199999999, 22.090823999999998], [88.8817785, 22.088921000000028], [88.89414799999997, 22.091775499999983], [88.90746899999999, 22.088921000000028], [88.9103235, 22.085114999999973], [88.92079000000001, 22.085114999999973], [88.92745050000002, 22.097484500000007], [88.93125650000002, 22.1089025], [88.928402, 22.119369000000006], [88.9141295, 22.129835500000013], [88.9103235, 22.13554449999998], [88.9103235, 22.141253500000005], [88.90746899999999, 22.153622999999982], [88.896051, 22.163138000000004], [88.896051, 22.168847000000028], [88.90271150000001, 22.171701499999983], [88.90746899999999, 22.170749999999998], [88.90746899999999, 22.169798500000013], [88.92079000000001, 22.165040999999974], [88.92364450000002, 22.170749999999998], [88.92649899999998, 22.178361999999993], [88.93506250000002, 22.178361999999993], [88.93982, 22.18216799999999], [88.943626, 22.184071000000017], [88.9464805, 22.185973999999987], [88.943626, 22.193585999999982], [88.9502865, 22.190731500000027], [88.96075300000001, 22.190731500000027], [88.96709633299997, 22.192634499999997]]]}, "properties": {"name": "Parc national des Sundarbans", "designation": "World Heritage Site (natural or mixed)", "designationType": "International", "iucnCategory": "Not Applicable", "marineAreaKm2": 241.6, "noTake": "Not Reported", "status": "Inscribed", "statusYear": 1987, "managingAuthority": "Not Reported"}}, {"type": "Feature", "geometry": {"type": "Polygon", "coordinates": [[[85.1893, 19.47007000000002], [85.14228000000003, 19.451819999999998], [85.11937999999998, 19.477649999999983], [85.13123999999999, 19.54858999999999], [85.15165999999999, 19.576739999999972], [85.15057000000002, 19.611649999999997], [85.18313999999998, 19.62659000000002], [85.17854000099999, 19.660630000000026], [85.20994999999999, 19.67903000000001], [85.20731, 19.71787999999998], [85.23205999999999, 19.75216999999998], [85.26792999999998, 19.78017], [85.30225999999999, 19.795999999999992], [85.33897999999999, 19.806519999999978], [85.36739, 19.839159999999993], [85.39981, 19.855669999999975], [85.42845999999997, 19.885310000000004], [85.4513, 19.91271999999998], [85.49158, 19.92014999999998], [85.53093999999999, 19.94461000000001], [85.56252, 19.928020000000004], [85.60093, 19.92649], [85.59955000000002, 19.87002000000001], [85.59091000000001, 19.81799000000001], [85.61131, 19.789379999999994], [85.59523000000002, 19.756579999999985], [85.53159, 19.72381999999999], [85.59163000000001, 19.71339999999998], [85.55786, 19.682900000000018], [85.49540000000002, 19.65048999999999], [85.42982999999998, 19.623350000000016], [85.37288999999998, 19.594400000000007], [85.34388999999999, 19.57510000000002], [85.29494, 19.544359999999983], [85.23408999999998, 19.502850000000024], [85.1893, 19.47007000000002]]]}, "properties": {"name": "Chilika Lake", "designation": "Wetland of International Importance (Ramsar Site)", "designationType": "International", "iucnCategory": "Not Reported", "marineAreaKm2": 738.56, "noTake": "Not Reported", "status": "Designated", "statusYear": 1981, "managingAuthority": "Not Reported"}}, {"type": "Feature", "geometry": {"type": "Polygon", "coordinates": [[[88.18853019700003, 21.423477131000027], [88.17481325400007, 21.456686571000034], [88.17264742100008, 21.47473518000004], [88.17048158800009, 21.497837399000048], [88.15820853400004, 21.52382739500007], [88.13943798100007, 21.551983225000072], [88.13727214800008, 21.57291961100003], [88.13871603600006, 21.601075441000035], [88.14449159100008, 21.620567938000022], [88.14250183100006, 21.637220383000056], [88.15389251700003, 21.655832291000024], [88.16903769900006, 21.67110404300007], [88.17625714300004, 21.65738710000005], [88.18058880900008, 21.63211904800005], [88.18997408500007, 21.60973877300006], [88.20008130600007, 21.59746571900007], [88.20777893100006, 21.60416412400008], [88.20083618200005, 21.620000839000056], [88.21018852700007, 21.633562937000022], [88.22029574800007, 21.650889601000074], [88.23110961900005, 21.645280838000076], [88.21630859400005, 21.627239227000075], [88.21945190400004, 21.61471939100005], [88.23055267300003, 21.60972023000005], [88.23040296900007, 21.59385599700005], [88.22679324700005, 21.58591461000003], [88.24222564700005, 21.59722137500006], [88.25422713200004, 21.60035349700007], [88.24416351300005, 21.580833435000045], [88.25666809100005, 21.560831070000063], [88.27361297600004, 21.559444427000074], [88.29104629400007, 21.575807389000033], [88.28527073900005, 21.590246276000073], [88.27371963000007, 21.602519330000064], [88.27805129600006, 21.624899604000063], [88.29682184900008, 21.666050432000077], [88.29104629400007, 21.68121126400007], [88.28382685100007, 21.694206262000023], [88.27916717500005, 21.716939926000066], [88.28415679900007, 21.750579834000064], [88.28250122100008, 21.767219543000067], [88.26484680200008, 21.756942749000075], [88.24772963300006, 21.774342085000058], [88.24325201900007, 21.78918428000003], [88.24203373700004, 21.799336622000055], [88.24487639300008, 21.811519433000058], [88.25259217400009, 21.818829120000032], [88.25990186000007, 21.82492052500004], [88.27086639000004, 21.830605837000064], [88.28264310700007, 21.835478961000035], [88.29279544900004, 21.836291149000033], [88.30010513600007, 21.834666774000027], [88.29029846200007, 21.823801041000024], [88.27110290500008, 21.818740845000036], [88.26139068600008, 21.811759949000077], [88.25056170500005, 21.80989505900004], [88.25194549600008, 21.79833412200003], [88.25443267800006, 21.791200638000078], [88.26390838600008, 21.787450790000037], [88.27980045100009, 21.781874594000044], [88.29287719700005, 21.774829865000072], [88.29523201200004, 21.75710287800007], [88.29766857400006, 21.727458038000066], [88.30723571800007, 21.723690033000025], [88.31675497800006, 21.72705194400004], [88.32365857000008, 21.72583366300006], [88.33015607000004, 21.720148352000024], [88.32833099400005, 21.710279465000042], [88.33027648900008, 21.703889847000028], [88.33249664300007, 21.702222824000046], [88.31513060300006, 21.701468042000045], [88.30829620400004, 21.70697021500007], [88.29631042500006, 21.706079483000053], [88.28944397000004, 21.70166778600003], [88.29555511500007, 21.69555473300005], [88.30805206300005, 21.69362449600004], [88.32244028900004, 21.69009741800005], [88.32947360700007, 21.688830255000028], [88.33632643800007, 21.684718557000053], [88.34454983500007, 21.677637298000036], [88.35414379900004, 21.667358051000065], [88.35871235300004, 21.656165094000073], [88.35807037400008, 21.64750099200006], [88.36990531000004, 21.646342702000027], [88.37538757500005, 21.642231004000053], [88.37493072000007, 21.631494902000043], [88.37675814100004, 21.625098926000078], [88.37470229200005, 21.61619024500004], [88.37470229200005, 21.60728156500005], [88.37972770100004, 21.604312005000054], [88.38589524900004, 21.60636785400004], [88.39137751400006, 21.611850119000053], [88.39685977900007, 21.61801766700006], [88.40371261000007, 21.622586221000063], [88.41627613400004, 21.62464207100004], [88.41422028500006, 21.63537817300005], [88.40508317700005, 21.644972136000035], [88.39868720100009, 21.654337672000054], [88.39777349000008, 21.669642328000066], [88.39823034500006, 21.685175412000035], [88.40462632100008, 21.693627237000044], [88.41513399600007, 21.701393779000057], [88.42455291700009, 21.709356308000054], [88.43990325900006, 21.70930481000005], [88.44215614700005, 21.736064028000044], [88.44367899800005, 21.74763769900005], [88.44824755200005, 21.769566758000053], [88.45190239600004, 21.78144499900003], [88.45916748000008, 21.791015625000057], [88.47535430700003, 21.803069488000062], [88.48510055500003, 21.810683745000063], [88.48479598500006, 21.823780267000075], [88.48083657200004, 21.828653391000046], [88.48181915300006, 21.835128784000062], [88.49111175500008, 21.83027839700003], [88.49888610800008, 21.819721222000055], [88.50946617700004, 21.80916089400006], [88.51007531800008, 21.803983199000072], [88.51921242600008, 21.81464315900007], [88.52225812900008, 21.824084837000044], [88.51616672300008, 21.828653391000046], [88.50276563100005, 21.832612805000053], [88.49454223400005, 21.841140772000074], [88.49030304000007, 21.853961945000037], [88.48144571200004, 21.872816081000053], [88.47687715800004, 21.881039478000048], [88.47741485600005, 21.893259890000024], [88.46563720700004, 21.896394730000054], [88.46614575600006, 21.904528990000074], [88.47315087200008, 21.91092496600004], [88.48716110500004, 21.91823465300007], [88.49386165100003, 21.927371761000074], [88.49386165100003, 21.945645977000027], [88.48533368300008, 21.950519101000054], [88.47893770800005, 21.95965621000005], [88.48198341000005, 21.972143591000076], [88.48655196400006, 21.97853956600005], [88.49903934500009, 21.986153823000052], [88.50401306200007, 21.98149108900003], [88.49419403100006, 21.971569061000025], [88.48716110500004, 21.963920193000035], [88.49723053000008, 21.956439972000055], [88.50993347200006, 21.95081520100007], [88.51714325000006, 21.944139481000036], [88.52281951900005, 21.93309974700003], [88.52188110400004, 21.92072105400007], [88.50916290300006, 21.910829544000023], [88.50389099100005, 21.904167175000055], [88.49497985800008, 21.883710861000054], [88.49694824200003, 21.87567901600005], [88.50886535600006, 21.867010117000063], [88.51918792700008, 21.85890007000006], [88.52614610000006, 21.860366301000056], [88.52492781900008, 21.871939971000074], [88.53345578600005, 21.881077079000022], [88.53436949700006, 21.89356446100004], [88.52827809200005, 21.902701569000044], [88.53223750500007, 21.90879297400005], [88.54557800300006, 21.904626846000042], [88.55394744900008, 21.902708054000072], [88.55751683800008, 21.90970668500006], [88.54228832400008, 21.917930082000055], [88.53558777800004, 21.924326058000077], [88.53619691900008, 21.947473399000046], [88.53193293500004, 21.959351639000033], [88.53041008400004, 21.97092531000004], [88.53750610400004, 21.978691101000038], [88.54725647000004, 21.973779678000028], [88.55447113500009, 21.967575037000074], [88.56025797000007, 21.958133358000055], [88.56513109500008, 21.967879607000043], [88.56604480500005, 21.984326402000022], [88.57609562400006, 21.991636088000064], [88.58645101400003, 21.991331518000038], [88.59193327900005, 22.005037180000045], [88.60167952700004, 22.01600171000007], [88.60838007300003, 22.029098232000024], [88.61690804100004, 22.040976472000068], [88.62873840300006, 22.05166053800008], [88.64279651400005, 22.057118697000078], [88.65999603300008, 22.057220459000064], [88.66750375000004, 22.06371173100007], [88.67816371000004, 22.06736657400006], [88.68943281000008, 22.067062004000036], [88.70471954300007, 22.065000534000035], [88.71248626700003, 22.059341431000064], [88.72232639900005, 22.06279802000006], [88.73054979700004, 22.074067120000052], [88.73511835100004, 22.081985947000078], [88.74334174800003, 22.089904774000047], [88.75430627800006, 22.09904188300004], [88.76831651000003, 22.11152926400007], [88.77562619700007, 22.116706958000066], [88.78750443800004, 22.127671488000033], [88.80583190900006, 22.13083076500004], [88.82362365700004, 22.130052567000064], [88.83349454900008, 22.11640238800004], [88.83897681400003, 22.10391500700007], [88.85146419500006, 22.09630075000007], [88.85968759200006, 22.089600204000078], [88.87430696500007, 22.09538703900006], [88.88984004900004, 22.09538703900006], [88.90385028200006, 22.099346453000067], [88.90780969500008, 22.101478445000055], [88.90628684400008, 22.11822981000006], [88.89471317300007, 22.134981175000064], [88.88344407300008, 22.151427969000054], [88.87863922100007, 22.167825699000048], [88.87491610600006, 22.176402732000042], [88.88070294100004, 22.181884997000054], [88.89411163300008, 22.17724227900004], [88.89842224100005, 22.17055511500007], [88.90602874800004, 22.17369270300003], [88.90994168700007, 22.180666716000076], [88.91201019300007, 22.185941696000043], [88.91815185500008, 22.184900284000037], [88.92284644200004, 22.185505999000043], [88.92619671500006, 22.190074553000045], [88.92528300400005, 22.196470529000067], [88.93381097200006, 22.19921166100005], [88.94264351000004, 22.199516231000075], [88.94538464200008, 22.20591220700004], [88.94355722100005, 22.214135604000035], [88.94112396200006, 22.22521019000004], [88.95500183100006, 22.216562271000043], [88.96122229700006, 22.20773962900006], [88.97348785400004, 22.20918464700003], [88.98650162900003, 22.212003612000046], [88.99858856200007, 22.210863113000073], [89.00081643200008, 22.190074553000045], [89.00447127500007, 22.170886626000026], [89.00964897000006, 22.162054088000048], [89.01756779700008, 22.14926213600006], [89.03682708700006, 22.140001297000026], [89.04010599700007, 22.12733307700006], [89.03005517800005, 22.116063977000067], [89.02016353800008, 22.097032721000062], [89.02865600600006, 22.067182541000022], [89.04611206100003, 22.038055420000035], [89.05319249200005, 22.013648149000062], [89.05427540800008, 21.976828987000033], [89.04194641100008, 21.945829391000075], [89.01788330100004, 21.92750549300007], [89.00608562300005, 21.915644204000046], [89.00500270700007, 21.88802983200003], [89.02754747900008, 21.864982576000045], [89.02754747900008, 21.84785045600006], [89.02088498800003, 21.82691119900005], [89.00717522400004, 21.802452688000074], [89.01327071300005, 21.781225548000066], [89.01768493700007, 21.762241364000033], [89.02342307900005, 21.750578090000033], [89.03801710700003, 21.73725310900005], [89.05484008800005, 21.724040985000045], [89.07485961900005, 21.687500000000057], [89.09497833300009, 21.651308060000076], [89.10193042000003, 21.633517711000025], [89.09922312900005, 21.620522712000025], [89.07540700700008, 21.59927715500004], [89.04130139900008, 21.575482545000057], [89.01036840600005, 21.56675785400006], [88.97150387600004, 21.54613585900006], [88.88663643400008, 21.507271329000048], [88.85253082600008, 21.493787717000032], [88.77876753500004, 21.508064483000055], [88.69152063100006, 21.53423855400007], [88.59713534500008, 21.512823405000063], [88.48133490900005, 21.492201410000064], [88.38377700800004, 21.549308474000043], [88.28225333800003, 21.516789173000063], [88.22673258100008, 21.47792464300005], [88.18853019700003, 21.423477131000027]]]}, "properties": {"name": "Sundarban Reserve Forest", "designation": "Wetland of International Importance (Ramsar Site)", "designationType": "International", "iucnCategory": "Ia", "marineAreaKm2": 2055.22, "noTake": "Not Reported", "status": "Designated", "statusYear": 2019, "managingAuthority": "Full information available from the Ramsar Sites Information Service (RSIS) website - https://rsis.ramsar.org/ris/2370"}}, {"type": "Feature", "geometry": {"type": "MultiPolygon", "coordinates": [[[[79.18611111100006, 9.166666666000026], [79.03472222300007, 9.166666667000072], [79.03472222200008, 9.218055556000024], [79.08527777700004, 9.234722222000073], [79.10277777700009, 9.234166667000068], [79.14027777800004, 9.221666667000022], [79.16805555500008, 9.218055555000035], [79.18611111100006, 9.166666666000026]]], [[[79.17916666600007, 9.194444444000055], [79.16805555600007, 9.241666666000071], [79.16805555600007, 9.243055556000058], [79.17916666600007, 9.250000000000057], [79.19305555500006, 9.25194444400006], [79.20277777800004, 9.252777777000063], [79.21944444400003, 9.250000000000057], [79.22361111100008, 9.250000000000057], [79.23611111100007, 9.252777778000052], [79.25000000000006, 9.251388889000054], [79.25000000000006, 9.223611111000025], [79.17916666600007, 9.194444444000055]]], [[[78.99583333300006, 9.222222222000028], [78.99583333300006, 9.166666667000072], [78.87500000000006, 9.166666666000026], [78.85833333300008, 9.155555556000024], [78.75000000000006, 9.123055556000054], [78.69444444500004, 9.125000000000057], [78.67222222200007, 9.154166666000037], [78.85833333300008, 9.205555555000046], [78.87500000000006, 9.223611111000025], [78.87916666700005, 9.222222222000028], [78.99583333300006, 9.222222222000028]]], [[[78.62222222200006, 9.104166667000072], [78.47500000000008, 9.041666666000026], [78.45555555600004, 9.093055555000035], [78.57777777800004, 9.120833333000064], [78.62222222200006, 9.104166667000072]]], [[[78.24166667000003, 8.81666666700005], [78.19166667000007, 8.81666666700005], [78.23333333000005, 8.950000000000045], [78.26250000000005, 8.975000000000023], [78.30833333000004, 8.925000000000068], [78.24166667000003, 8.81666666700005]]]]}, "properties": {"name": "Mannar Valaiguda in Tamil", "designation": "Wetland of International Importance (Ramsar Site)", "designationType": "International", "iucnCategory": "Not Reported", "marineAreaKm2": 519.87, "noTake": "Not Reported", "status": "Designated", "statusYear": 2022, "managingAuthority": "Full information available from the Ramsar Sites Information Service (RSIS) website - https://rsis.ramsar.org/ris/2472"}}, {"type": "Feature", "geometry": {"type": "Polygon", "coordinates": [[[79.79703383300006, 11.452381808000041], [79.79709929100005, 11.452186979000032], [79.79736293000008, 11.451857429000029], [79.79779134400007, 11.451461970000025], [79.79834687000005, 11.450897029000032], [79.79966506700003, 11.44969652800006], [79.80052189400004, 11.448834993000048], [79.80146817100007, 11.44793108600004], [79.80271255300005, 11.446855355000025], [79.80337484900008, 11.44621272300003], [79.80431171000004, 11.445332356000051], [79.80543217700006, 11.444306046000065], [79.80552162600003, 11.444037699000035], [79.80555458100008, 11.443872924000061], [79.80579468100007, 11.443340937000073], [79.80619955600008, 11.442267549000064], [79.80634079100008, 11.441947415000072], [79.80643494800006, 11.441599035000024], [79.80657147500006, 11.441250654000044], [79.80680686800008, 11.440657466000062], [79.80703163000004, 11.439845946000048], [79.80747538200006, 11.438990889000024], [79.80778139200004, 11.438152892000062], [79.80825217600005, 11.436980639000069], [79.80856289400003, 11.436189721000062], [79.80900543100006, 11.43512104000007], [79.80902897100003, 11.434603177000042], [79.80896306100004, 11.434104145000049], [79.80876062300007, 11.433680439000057], [79.80875120800005, 11.43329910400007], [79.80879415200008, 11.432549315000074], [79.80876062300007, 11.43219276000002], [79.80874069000004, 11.431702592000022], [79.80876062300007, 11.43082277700006], [79.80853935500005, 11.43035670100005], [79.80819097400007, 11.429528120000043], [79.80820670000008, 11.428824361000068], [79.80827528800006, 11.428246428000023], [79.80833691700008, 11.428068688000053], [79.80845848500007, 11.42778198600007], [79.80861468000006, 11.427348388000041], [79.80865685600008, 11.427028538000059], [79.80876358700004, 11.426565068000059], [79.80883124100006, 11.426232628000037], [79.80890096500008, 11.425813638000022], [79.80890093300007, 11.425598144000048], [79.80891623600007, 11.425123015000054], [79.80892069000004, 11.424462478000066], [79.80895835300004, 11.423991694000051], [79.80902897100003, 11.423144282000067], [79.80909958800004, 11.421934366000073], [79.80911842000006, 11.421360008000022], [79.80910429600004, 11.421110493000072], [79.80909932500003, 11.420629426000062], [79.80906663300004, 11.420253665000075], [79.80901955500008, 11.419900576000032], [79.80883594900007, 11.41960398200007], [79.80861938800007, 11.41926972500005], [79.80834162500008, 11.418940176000035], [79.80820980600004, 11.418186921000029], [79.80809230200003, 11.417605145000039], [79.80805444700007, 11.417466621000074], [79.80802149200008, 11.417283015000066], [79.80800736800006, 11.41703349900007], [79.80797441300007, 11.41669924200005], [79.80794145800007, 11.416346153000063], [79.80780963900008, 11.416106053000021], [79.80726823700007, 11.414985586000057], [79.80718349500006, 11.414754902000027], [79.80699988900005, 11.414477139000041], [79.80683511500007, 11.413865119000036], [79.80664680100006, 11.413361380000026], [79.80633744100004, 11.412357292000024], [79.80616189300008, 11.411487657000066], [79.80610069100004, 11.411384085000066], [79.80605832000003, 11.411219310000035], [79.80604890500007, 11.410993333000022], [79.80597828700007, 11.410701447000065], [79.80595474800003, 11.41056492000007], [79.80586529900006, 11.410291865000033], [79.80575763200005, 11.410068440000032], [79.80565815300008, 11.409665721000067], [79.80562793700005, 11.409497204000047], [79.80562049100007, 11.40939266600003], [79.80558986000005, 11.409210174000066], [79.80556870400005, 11.409105488000023], [79.80553646000004, 11.40892294200006], [79.80551221000007, 11.408766523000054], [79.80542199600006, 11.408466292000071], [79.80538980600005, 11.408130964000065], [79.80526943100006, 11.407376070000055], [79.80511204300007, 11.407245889000023], [79.80475424700006, 11.407340046000058], [79.80441482000003, 11.407527740000035], [79.80408102500007, 11.407580146000043], [79.80387388000008, 11.407646056000033], [79.80372322900007, 11.407730797000056], [79.80346757100006, 11.407817753000074], [79.80339368000006, 11.407843785000068], [79.80329952300008, 11.40789557100004], [79.80307354600006, 11.407966189000035], [79.80266867200004, 11.40806034600007], [79.80225438100007, 11.408234536000066], [79.80200957300008, 11.408338109000056], [79.80178830500006, 11.408441681000056], [79.80150112600006, 11.408559378000064], [79.80123748700004, 11.408738276000065], [79.80106329700004, 11.40880889300007], [79.80078082600005, 11.408983084000056], [79.80018763700008, 11.409364419000042], [79.79953795500006, 11.409665721000067], [79.79915191100008, 11.409901113000046], [79.79857284700006, 11.410225955000044], [79.79699101100005, 11.411657140000045], [79.79643077700007, 11.412306822000062], [79.79606066100007, 11.413166807000039], [79.79507021000006, 11.414138174000072], [79.79454293100008, 11.41449126200007], [79.79395547700005, 11.414029984000024], [79.79366256400004, 11.414029894000066], [79.79336306300007, 11.414372582000055], [79.79286543800004, 11.414899392000052], [79.79285780000004, 11.414916943000037], [79.79267862400008, 11.415023249000058], [79.79249031100005, 11.415169192000064], [79.79294226400003, 11.415611730000023], [79.79234109500004, 11.416259517000071], [79.79202894200006, 11.416445018000047], [79.79161935900004, 11.416162547000056], [79.79121448500007, 11.415955402000066], [79.79084256500005, 11.416656871000043], [79.79032941000008, 11.417405419000033], [79.78970797400007, 11.418201044000057], [79.78901592100004, 11.419175568000071], [79.78838489000003, 11.42012353900003], [79.78781542000007, 11.42089393200007], [79.78697742400004, 11.42228745400007], [79.78643131400008, 11.423130158000049], [79.78584283300006, 11.424081143000024], [79.78567805900008, 11.424396569000066], [79.78521198200008, 11.424824983000065], [79.78446343500008, 11.42541346300004], [79.78428603400005, 11.425546474000043], [79.78416592800005, 11.425660640000046], [79.78411505400004, 11.425653563000026], [79.78408467300005, 11.425649486000054], [79.78314523800003, 11.425728889000027], [79.78247672400005, 11.42577596700005], [79.78258867900007, 11.425042594000047], [79.78258971200006, 11.424749657000064], [79.78278744200009, 11.423798672000032], [79.78320173200007, 11.422113264000075], [79.78349361900007, 11.421906119000028], [79.78385141500007, 11.421764883000037], [79.78435044600008, 11.421435334000023], [79.78530143100005, 11.421021044000042], [79.78540500400004, 11.420795067000029], [79.78553682300003, 11.420154800000034], [79.78570630600007, 11.419806420000043], [79.78593228200003, 11.419335635000039], [79.78613942700008, 11.418987255000047], [79.78638423500007, 11.418554133000043], [79.78674203200006, 11.417895034000026], [79.78761295700008, 11.417036024000026], [79.78782483600008, 11.416652163000037], [79.78835509600003, 11.415962562000061], [79.78849296600004, 11.415744649000032], [79.78848358900007, 11.415519317000076], [79.78835211500007, 11.41540929200005], [79.78816500500005, 11.415391914000054], [79.78799735000007, 11.41550350600005], [79.78784855200007, 11.415633358000036], [79.78768109400005, 11.415781665000054], [79.78747661600005, 11.416022522000048], [79.78729069700006, 11.416226282000025], [79.78704918600005, 11.416504049000025], [79.78684505000007, 11.416781903000071], [79.78586637200004, 11.417443081000044], [79.78565451900005, 11.417537238000023], [79.78545208200006, 11.417650227000024], [79.78471765800003, 11.417970360000027], [79.78460467000008, 11.418083348000039], [79.78383258300005, 11.418497639000066], [79.78335422000004, 11.418990284000074], [79.78252345300007, 11.419510629000058], [79.78089669700006, 11.42070957900006], [79.77923798000006, 11.422573819000036], [79.77881764400007, 11.42366168500007], [79.77827732600008, 11.424373029000037], [79.77903058100003, 11.424956802000054], [79.77886109900004, 11.425615901000072], [79.77822083200004, 11.42612434800003], [79.77722276900005, 11.426576301000068], [79.77588689300006, 11.42668797500005], [79.77475079700008, 11.42672890600005], [79.77436179100005, 11.42701110300004], [79.77372213300004, 11.42690936200006], [79.77307967200005, 11.42628258800005], [79.77204502800004, 11.425342368000031], [79.77108314300006, 11.424752268000077], [79.76997786000004, 11.423882449000075], [79.76904963300007, 11.422941948000073], [79.76861747300006, 11.421788743000036], [79.76804345400006, 11.420671293000055], [79.76794447100008, 11.420450093000056], [79.76783000600005, 11.420602354000039], [79.76695966600005, 11.420757404000028], [79.76669872800005, 11.421518492000075], [79.76709518100006, 11.422636864000026], [79.76805816900008, 11.423437388000025], [79.76891392000005, 11.424133114000028], [79.77017983200005, 11.424824983000065], [79.77114023300004, 11.425615901000072], [79.77236427300005, 11.426425650000056], [79.77365279000009, 11.427224919000025], [79.77469936400007, 11.427593195000043], [79.77569742700007, 11.428101643000048], [79.77703445500003, 11.428704247000042], [79.77833382000006, 11.429193863000023], [79.77974617400008, 11.42960815300006], [79.78215659100005, 11.429834130000074], [79.78213775900008, 11.428949055000032], [79.78242023000007, 11.428854898000054], [79.78306049700006, 11.429796467000074], [79.78457691400007, 11.429754477000074], [79.78459479200006, 11.42972388000004], [79.78459996200007, 11.429862377000063], [79.78459996200007, 11.430149555000071], [79.78464233300008, 11.431227652000075], [79.78466116400006, 11.432042109000065], [79.78462408700005, 11.432508238000025], [79.78479769200004, 11.433816967000041], [79.78491538800006, 11.434410155000023], [79.78499788500005, 11.434801048000054], [79.78432690700004, 11.436123811000073], [79.78367034700005, 11.43753997300007], [79.78331942800008, 11.438303543000075], [79.78286925600008, 11.43945962600003], [79.78273094800005, 11.439781807000031], [79.78255204900006, 11.440163142000074], [79.78237785900006, 11.440591556000072], [79.78222720800005, 11.440963476000036], [79.78214717500003, 11.441184744000054], [79.78202477100007, 11.44139659700005], [79.78195886100008, 11.441650821000053], [79.78178937900003, 11.441970955000045], [79.78141208000005, 11.442891749000069], [79.78087025100007, 11.443999179000059], [79.78084181700007, 11.444064569000034], [79.78082470200007, 11.444104199000037], [79.78072340200004, 11.444468221000022], [79.78063595700007, 11.444616764000045], [79.78057004700008, 11.444805077000069], [79.78047118200004, 11.445026346000077], [79.78033465400006, 11.445228783000061], [79.78020754300007, 11.445520670000064], [79.78019905500008, 11.445540202000075], [79.78019406500005, 11.445571013000063], [79.78010867800003, 11.44579843300005], [79.77985916200004, 11.446283341000026], [79.77958857900006, 11.447025089000022], [79.77930996400005, 11.447545939000065], [79.77892700900009, 11.448585477000051], [79.77879989700006, 11.448797330000048], [79.77872689800006, 11.449002416000042], [79.77871044800008, 11.449032722000027], [79.77815963000006, 11.449917797000069], [79.77759468900007, 11.450991186000067], [79.77692617500009, 11.452186979000032], [79.77635181700003, 11.453279199000065], [79.77580570700007, 11.454220768000027], [79.77529545600004, 11.45509007100003], [79.77511355500008, 11.455407910000076], [79.77446867900005, 11.456376961000046], [79.77371542400005, 11.457497428000067], [79.77374975000004, 11.457904388000031], [79.77370600800003, 11.458702636000055], [79.77371542400005, 11.459248746000071], [79.77372484000006, 11.460444539000036], [79.77380256400005, 11.462956231000021], [79.77366834500003, 11.464116658000023], [79.77376250300006, 11.46553842700007], [79.77387549100007, 11.466479996000032], [79.77464757700005, 11.465218294000067], [79.77525779100006, 11.46518388100003], [79.77636112700003, 11.465495013000066], [79.77769380000007, 11.465759469000034], [79.78022054700006, 11.466108332000033], [79.78141486300007, 11.466237929000044], [79.78270132800003, 11.466457697000067], [79.78380433200005, 11.466678139000066], [79.78472285300006, 11.466763697000033], [79.78591057000006, 11.465671224000062], [79.78773708000006, 11.463896421000072], [79.79052402400004, 11.461437586000045], [79.79148310500005, 11.460527339000066], [79.79239719100008, 11.45979836500004], [79.79523027600004, 11.457384440000055], [79.79536569100003, 11.456976175000023], [79.79691568500004, 11.452549483000041], [79.79703383300006, 11.452381808000041]]]}, "properties": {"name": "Thillai Vanam", "designation": "Wetland of International Importance (Ramsar Site)", "designationType": "International", "iucnCategory": "V", "marineAreaKm2": 4.07, "noTake": "Not Reported", "status": "Designated", "statusYear": 2022, "managingAuthority": "Cuddalore District \nLocal Office : Forest Range Office, Pichavaram Range, Chidambaram \nControl Office : District forest Officer, Cuddalore Division, Cuddalore district"}}, {"type": "Feature", "geometry": {"type": "Polygon", "coordinates": [[[72.92735360600005, 19.095570743000053], [72.92913532900008, 19.099990327000057], [72.93006842900007, 19.10237527700008], [72.93069734000005, 19.10220825500005], [72.93124037500007, 19.102070523000066], [72.93164131100008, 19.102264141000035], [72.93235241900004, 19.102194336000025], [72.93290505100003, 19.102063474000033], [72.93341225100005, 19.102128093000033], [72.93366035300005, 19.102430726000023], [72.93392809300008, 19.103551021000044], [72.93418309800006, 19.104249539000023], [72.93391733100003, 19.105041011000026], [72.93415261000007, 19.106897426000046], [72.93476740100004, 19.108138304000022], [72.93674772500003, 19.107557635000035], [72.93876652100005, 19.106904573000065], [72.94088929000003, 19.111423174000038], [72.94115599100007, 19.11268787700004], [72.94099536400006, 19.113092350000045], [72.94078445600007, 19.113369266000063], [72.94077256700007, 19.113677247000055], [72.94061797600006, 19.113722550000034], [72.93982181100006, 19.11347109600007], [72.93962145200004, 19.11350027000003], [72.93796155700005, 19.113340579000067], [72.93755126400004, 19.113397596000027], [72.93755235100008, 19.11349974500007], [72.93795292000004, 19.113577848000034], [72.93853780100005, 19.113661035000064], [72.93896133800007, 19.11372965100003], [72.93956956000005, 19.113867157000072], [72.93996257800006, 19.113911504000043], [72.94049720200007, 19.11399042000005], [72.94091149700006, 19.114282349000064], [72.94153617900008, 19.114598865000062], [72.94165769600005, 19.11492442800005], [72.94149640500007, 19.115043866000065], [72.94153211000008, 19.11533024700003], [72.94165999500007, 19.11552651200003], [72.94170292700005, 19.11606100700004], [72.94189927100007, 19.116060943000036], [72.94198808400006, 19.116377664000026], [72.94301679700004, 19.116318427000067], [72.94310324800006, 19.116723837000052], [72.94290564700003, 19.116801527000064], [72.94280460300007, 19.117133582000065], [72.94284274700004, 19.117316429000027], [72.94264188100004, 19.117622495000035], [72.94236756800007, 19.11870712800004], [72.94227447300005, 19.118755012000065], [72.94224802000008, 19.118862702000058], [72.94214769800004, 19.11891727400007], [72.94208640300008, 19.11930993800007], [72.94225991200005, 19.119434419000072], [72.94212579800006, 19.12067472600006], [72.94195213800003, 19.120745529000033], [72.94197453400005, 19.121311696000078], [72.94209744400007, 19.12146276200008], [72.94208110100004, 19.122281919000045], [72.94187982800008, 19.12248497400003], [72.94164889400008, 19.123154172000056], [72.94067932900003, 19.123513048000063], [72.93900223100007, 19.12276563100005], [72.93855274000003, 19.122503145000053], [72.93838702000005, 19.12223117900004], [72.93807312900003, 19.122121837000066], [72.94044721100005, 19.12752454400004], [72.94057628100006, 19.127534295000032], [72.94078357100005, 19.127070202000027], [72.94113437700008, 19.126496318000022], [72.94185349800006, 19.125747819000026], [72.94274239800006, 19.122483685000077], [72.94342289200006, 19.12031138800006], [72.94351734900005, 19.12025150000005], [72.94387197300006, 19.120179902000075], [72.95156845400004, 19.120514067000045], [72.95203659500004, 19.120380546000035], [72.95557865300003, 19.120452928000077], [72.95568904100008, 19.121948512000074], [72.95598298000004, 19.122485182000048], [72.95636065600007, 19.123148663000052], [72.95710181300007, 19.123612666000042], [72.95726909400008, 19.12491629300007], [72.95616026800008, 19.125728588000072], [72.95582833300006, 19.126838716000066], [72.95390380900005, 19.127011780000032], [72.95154292800004, 19.12753327100006], [72.94999687200004, 19.127808811000023], [72.94440028600008, 19.128196209000066], [72.94333269500004, 19.128072994000036], [72.94322534600008, 19.129748926000048], [72.94328298100004, 19.132432116000075], [72.94660476900003, 19.13767643500006], [72.94829895800007, 19.140458281000065], [72.95187246100005, 19.146290659000044], [72.95510528900007, 19.151428064000072], [72.95569474200005, 19.151122188000045], [72.95708279100006, 19.15082073900004], [72.95894395700003, 19.150465026000063], [72.96192701800004, 19.148749613000064], [72.96210919400005, 19.148749543000065], [72.96274344500006, 19.14847010400007], [72.96270516600003, 19.146316632000037], [72.96176793300003, 19.145353447000048], [72.96050413600005, 19.145061227000042], [72.96049676500007, 19.144230624000045], [72.96053423400008, 19.143675219000045], [72.95833390300004, 19.14282987100006], [72.95712805200003, 19.14230573100002], [72.95753212600005, 19.141338907000033], [72.95796425300006, 19.140350924000074], [72.95801912600007, 19.140217197000027], [72.96420068600008, 19.142584184000043], [72.96354304300007, 19.144468851000056], [72.96343738500008, 19.144746226000052], [72.96330696600006, 19.144858243000044], [72.96307513300007, 19.144878290000065], [72.96301966800007, 19.144904541000074], [72.96307476200008, 19.14496180200007], [72.96307901200004, 19.14514837100006], [72.96335128200008, 19.14518783400007], [72.96458378800008, 19.145390571000064], [72.96440927600008, 19.14634974200004], [72.96282593800004, 19.146103397000047], [72.96286616700007, 19.147455638000054], [72.96286838100008, 19.148565509000036], [72.96270953100003, 19.148630939000043], [72.96209712600006, 19.148882161000074], [72.96187649600006, 19.148869199000046], [72.96028563700008, 19.14984917700008], [72.95888220300003, 19.150623169000028], [72.95712724200007, 19.150877570000034], [72.95587611500008, 19.151137170000027], [72.95538709700008, 19.151538822000077], [72.95527450400004, 19.151737834000073], [72.95570269900003, 19.15238772300006], [72.95666451400007, 19.153797385000075], [72.95738213600004, 19.15490103600007], [72.95818720800008, 19.15609092400007], [72.95905819500007, 19.157379312000046], [72.95987789200007, 19.158585841000047], [72.96104463900008, 19.16030749300006], [72.96204970100007, 19.161731348000046], [72.96242830400007, 19.16226226300006], [72.96270920000006, 19.162129977000063], [72.96295661000005, 19.162531167000054], [72.96279479200007, 19.162722906000056], [72.96335498000008, 19.162868659000026], [72.96386330500007, 19.163265710000076], [72.96425055100008, 19.163461710000036], [72.96455355700004, 19.164016899000046], [72.96479270400005, 19.16389429800006], [72.96516766700006, 19.163806744000055], [72.96545633700003, 19.163836029000038], [72.96545136400005, 19.163967956000022], [72.96724821400005, 19.16531333100005], [72.96908872900008, 19.166978409000023], [72.96993600700006, 19.167820219000077], [72.97065120500008, 19.167709306000063], [72.97051988000004, 19.167346073000033], [72.97058647400007, 19.167028402000028], [72.97078302200003, 19.166987814000038], [72.97100969900004, 19.167052203000026], [72.97136750600004, 19.16749216200003], [72.97156473600006, 19.167731282000034], [72.97265094400007, 19.168139191000023], [72.97306873600007, 19.16830784800004], [72.97314872800007, 19.168425941000066], [72.97315249200005, 19.16867931400003], [72.97287603300003, 19.168810269000062], [72.97219887200004, 19.169073172000026], [72.97181412300006, 19.169539987000064], [72.97132806600007, 19.170038125000076], [72.97084074400004, 19.170105078000063], [72.97025614100005, 19.170161173000054], [72.96988305500008, 19.170294628000022], [72.96952835300004, 19.17066987100003], [72.96911539600006, 19.17086566000006], [72.96889305100007, 19.17072452800005], [72.96877804900004, 19.170441740000058], [72.96872806400006, 19.170086126000058], [72.96866138600006, 19.169951635000075], [72.96856539000004, 19.16984784600004], [72.96841848000008, 19.16973159400004], [72.96825123600007, 19.169703739000056], [72.96810698800005, 19.169698448000076], [72.96801365800007, 19.169859771000063], [72.96778089200006, 19.170135877000064], [72.96796067100007, 19.170395196000072], [72.96828937800007, 19.17014776700006], [72.96847523200006, 19.17021812200005], [72.96847740400005, 19.170546881000064], [72.96870621300008, 19.17101284000006], [72.96899417700007, 19.171277022000027], [72.96976075100008, 19.17086062900006], [72.97046181900004, 19.170447913000032], [72.97085345900007, 19.170413692000068], [72.97132796300008, 19.170345863000023], [72.97138775300004, 19.170731698000054], [72.97146694000008, 19.171006746000046], [72.97170598000008, 19.170922501000064], [72.97175814000008, 19.17071639200003], [72.97178042400003, 19.170565724000028], [72.97161666300008, 19.170398930000033], [72.97169180700007, 19.170160758000065], [72.97181111000003, 19.170081639000045], [72.97194888500007, 19.169980636000048], [72.97210251200005, 19.16978762900004], [72.97226014000006, 19.169695385000068], [72.97304982800006, 19.169208592000075], [72.97315031400007, 19.16928572200004], [72.97342516900005, 19.169180291000032], [72.97372076000005, 19.168966992000037], [72.97389667300007, 19.168772215000047], [72.97399766600006, 19.168590883000036], [72.97408695400003, 19.16839731500005], [72.97442948700007, 19.168432578000022], [72.97469703000007, 19.168675094000037], [72.97490948200004, 19.168970521000062], [72.97493629600007, 19.16916526800003], [72.97507262300007, 19.169249791000027], [72.97528025400004, 19.169383133000053], [72.97545273100008, 19.16956570800005], [72.97561962900005, 19.16995213000007], [72.97588632400004, 19.170043356000065], [72.97608920800008, 19.170111576000068], [72.97583734300008, 19.170702026000072], [72.97603985000006, 19.171048048000046], [72.97615670500005, 19.171366630000023], [72.97606692700003, 19.171695214000067], [72.97579456500006, 19.17214388600007], [72.97590319700004, 19.17263813900007], [72.97540712700004, 19.173215437000067], [72.97608897100008, 19.17360041300003], [72.97387847200008, 19.17649442000004], [72.97447954400008, 19.177701866000064], [72.97493166800007, 19.17892839700005], [72.97556459600008, 19.180223751000028], [72.97654083700007, 19.181013439000026], [72.97939250500008, 19.180432676000066], [72.97924147500004, 19.179437149000023], [72.98091656200006, 19.179158014000052], [72.98097471700004, 19.179385007000064], [72.98111963500008, 19.180032296000036], [72.98102349700008, 19.18033801000007], [72.98115501700005, 19.180833977000077], [72.98036187600007, 19.18104640000007], [72.98043638400003, 19.181288605000077], [72.98122477700008, 19.18113241900005], [72.98131655300006, 19.181552526000075], [72.98157938900005, 19.181474089000062], [72.98176445500008, 19.181410800000037], [72.98183960100005, 19.181500253000024], [72.98222162200005, 19.18135021300003], [72.98238501100008, 19.181652107000048], [72.98264482100006, 19.182024632000036], [72.98273904500007, 19.18223689200005], [72.98257892300006, 19.182637382000053], [72.98251405500008, 19.18269310900007], [72.98193049600007, 19.183228279000048], [72.98152447100006, 19.183613691000062], [72.98111706100008, 19.184100503000025], [72.98124035200004, 19.18414371700004], [72.98119078000008, 19.184283871000048], [72.98096935800004, 19.184241409000037], [72.98090752700006, 19.184633692000034], [72.98099707900008, 19.184984893000035], [72.98113555200007, 19.185046914000054], [72.98106551900008, 19.185726875000057], [72.98093022300003, 19.18596339000004], [72.98096445700008, 19.18617800800007], [72.98090127500006, 19.18707385400006], [72.98102515000005, 19.18721289700005], [72.98100367200004, 19.187472843000023], [72.98123557300005, 19.187530458000026], [72.98466434400007, 19.188464026000077], [72.98599826300006, 19.188833155000054], [72.98644525100008, 19.188104053000075], [72.98682033400007, 19.186261342000023], [72.98715286100008, 19.185564101000068], [72.98721170600004, 19.18570330500006], [72.98743430100006, 19.185751408000044], [72.98740619700004, 19.185526138000057], [72.98721605200006, 19.185399377000067], [72.98726018400004, 19.185329009000043], [72.98781511200008, 19.18528912900007], [72.98765582900006, 19.184536372000025], [72.98787023500006, 19.184498735000034], [72.98795965100004, 19.184322682000072], [72.98807717400007, 19.18435352800003], [72.98818595000006, 19.184157362000064], [72.98822885400006, 19.18405015700006], [72.98823670600007, 19.18404132300003], [72.98834732900008, 19.184017849000043], [72.98838874900008, 19.183876293000026], [72.98844538000003, 19.183735827000078], [72.98837485100006, 19.183713563000026], [72.98837794600007, 19.183533219000026], [72.98841599800005, 19.183462853000037], [72.98837519500006, 19.18342450700004], [72.98835688700007, 19.183445369000026], [72.98830436400004, 19.183386519000067], [72.98837664800004, 19.18313690900004], [72.98841825300008, 19.18311761900003], [72.98851850500006, 19.183124059000022], [72.98859655700005, 19.183079345000067], [72.98857422200007, 19.182890351000026], [72.98855628300004, 19.18281259500003], [72.98849416500008, 19.18283335900003], [72.98822649900006, 19.182750913000064], [72.98807824600004, 19.182701747000067], [72.98806504400005, 19.18265325400006], [72.98806380800005, 19.182572006000044], [72.98813827900005, 19.182558191000055], [72.98811462200007, 19.18230786500004], [72.98806291400007, 19.182219072000066], [72.98796170400004, 19.182264435000036], [72.98793825700005, 19.182180696000046], [72.98781055600006, 19.18176191200007], [72.98780463800006, 19.18175595500003], [72.98777617700006, 19.181653235000056], [72.98774142300005, 19.181638788000043], [72.98764145800004, 19.18158157000005], [72.98762012900005, 19.18150019500007], [72.98769829800005, 19.18130585700004], [72.98769570000007, 19.181187110000053], [72.98767820600006, 19.181121761000043], [72.98767289500006, 19.181116786000075], [72.98748531100006, 19.180999512000028], [72.98727710500003, 19.180897274000074], [72.98710138900003, 19.18045939800004], [72.98710091500004, 19.17997594700006], [72.98717159200004, 19.179340140000022], [72.98740447000006, 19.179333430000042], [72.98744372400006, 19.17923965700004], [72.98735482500007, 19.179206400000055], [72.98720114400004, 19.17912711200006], [72.98733552200008, 19.179074683000067], [72.98781887200005, 19.179306582000038], [72.98783777000006, 19.17912061000004], [72.98762444300007, 19.179009610000037], [72.98724048000008, 19.178779245000044], [72.98724537400005, 19.178529225000034], [72.98706617200008, 19.177993375000028], [72.98674201100005, 19.177510306000045], [72.98660714300007, 19.177288562000058], [72.98647146000008, 19.176982103000057], [72.98619787800004, 19.176778039000055], [72.98616071900005, 19.176695856000038], [72.98609078200008, 19.176670595000076], [72.98597139300006, 19.176705979000076], [72.98585359900005, 19.176628091000055], [72.98546540000007, 19.17578843600006], [72.98543537100005, 19.175605191000045], [72.98558284100005, 19.175421569000036], [72.98553782300007, 19.175328308000076], [72.98552409700005, 19.17519636000003], [72.98546849800005, 19.175041846000056], [72.98556278200004, 19.174899569000047], [72.98545568900005, 19.174843776000046], [72.98553714600007, 19.174677435000035], [72.98557548400004, 19.174569958000063], [72.98584475800004, 19.17463168100005], [72.98609061800005, 19.17452583000005], [72.98654104500008, 19.174506783000027], [72.98650196700004, 19.17418236800006], [72.98627232900003, 19.17412517300005], [72.98562541600006, 19.17410168200007], [72.98544069600007, 19.174095522000073], [72.98537638600004, 19.173956616000055], [72.98514748900004, 19.17358245300005], [72.98479494400004, 19.173183429000062], [72.98444095000008, 19.17204510600004], [72.98452910500004, 19.171550384000057], [72.98478215700004, 19.171128328000066], [72.98489392700003, 19.170525504000068], [72.98504287900005, 19.170308043000034], [72.98511895400003, 19.17025161500004], [72.98537565100008, 19.17019199400005], [72.98591765600008, 19.170224473000076], [72.98631589200005, 19.170232503000022], [72.98652971100006, 19.170198836000054], [72.98919984500003, 19.170738394000068], [72.98970207700006, 19.170834141000057], [72.99100964000007, 19.17088898700007], [72.99104528700008, 19.16939399200004], [72.99105929400008, 19.167992078000054], [72.99078445900005, 19.167627612000047], [72.99028184900004, 19.16721732800005], [72.98921819200007, 19.16614026600007], [72.98911439400007, 19.16583827200003], [72.98900605600005, 19.16326179400005], [72.98893066100004, 19.161407267000072], [72.98920905000006, 19.160508212000025], [72.98972236800006, 19.159855035000078], [72.99057233500008, 19.159070259000032], [72.99224920200004, 19.15777787600007], [72.99221053300005, 19.157733148000034], [72.99170878000007, 19.15724229600005], [72.99167440300005, 19.156630241000073], [72.99184764300003, 19.156540478000068], [72.99190721600007, 19.156536954000046], [72.99202003200008, 19.156519332000073], [72.99219416400007, 19.156526436000036], [72.99225969400004, 19.15657982500005], [72.99247721000006, 19.15661016000007], [72.99286080600007, 19.156656766000026], [72.99309357300007, 19.156730479000032], [72.99317227200004, 19.156401622000033], [72.99309579500004, 19.15546870000003], [72.99032602700004, 19.155683389000046], [72.98971920700006, 19.155390097000065], [72.98980505300005, 19.15426649400007], [72.99085085800004, 19.15397142200004], [72.99293041400006, 19.15384281000007], [72.99282588800008, 19.151929879000022], [72.99279273000008, 19.15158385700005], [72.99185269700007, 19.15163734300006], [72.99108512700008, 19.151668164000057], [72.98957512900006, 19.151657314000033], [72.98945171800005, 19.15172371500006], [72.98731655900008, 19.155032687000073], [72.98516726800005, 19.153811461000032], [72.98492368500007, 19.15366524800004], [72.98514564500005, 19.153168420000043], [72.98525823300008, 19.15296961400003], [72.98547926600008, 19.152570643000047], [72.98571277800005, 19.15227778700006], [72.98601320800003, 19.151809786000058], [72.98663643900005, 19.15074840500006], [72.98636466400006, 19.150643777000028], [72.98617736700004, 19.150163831000043], [72.98431791000007, 19.150480020000032], [72.98429861100004, 19.150218712000026], [72.98425075100005, 19.14997144800003], [72.98426275100007, 19.14990356000004], [72.98532690700006, 19.149695232000056], [72.98497085500003, 19.14784220300004], [72.98504731400004, 19.147732683000072], [72.98519795900006, 19.147604736000062], [72.98530736300006, 19.14768243800006], [72.98548998000007, 19.14776854200005], [72.98552266700005, 19.147914026000024], [72.98591772800006, 19.148044905000063], [72.98645549500003, 19.148135719000038], [72.98668083500007, 19.148644483000055], [72.98685798700006, 19.14897767700006], [72.98702114400004, 19.149090294000075], [72.98698855400005, 19.14861637300004], [72.98699206000003, 19.14828373000006], [72.98702123600003, 19.148053650000065], [72.98559221100004, 19.145911530000035], [72.98474136700008, 19.144676810000078], [72.98464763400005, 19.144097135000038], [72.98434882600003, 19.14228703400005], [72.98365398000004, 19.140324415000066], [72.98374585100004, 19.139739813000062], [72.98383881400008, 19.139125963000026], [72.98379724100005, 19.138083418000065], [72.98376816100006, 19.137680400000022], [72.98395459700004, 19.137219019000042], [72.98423514400008, 19.137194530000045], [72.98471703100006, 19.13630243800003], [72.98510963500007, 19.136021242000027], [72.98568047200007, 19.136075204000065], [72.98596726000005, 19.13634373900004], [72.98634056100008, 19.137099358000057], [72.98656916200008, 19.137437422000062], [72.98667380000006, 19.137827723000044], [72.98672654200004, 19.138128378000033], [72.98698983700007, 19.13933392900003], [72.98806863700008, 19.14250370900004], [72.98866760100003, 19.14274461900004], [72.98908698000008, 19.14255611300007], [72.98932772400008, 19.142404137000028], [72.98972737200006, 19.142226578000077], [72.99005017600007, 19.14207323100004], [72.99074777200008, 19.14173124000007], [72.99218444300004, 19.14145076400007], [72.99266707700008, 19.14166786800007], [72.99586772100008, 19.14192482800007], [72.99595318000007, 19.138219953000032], [72.99595161600007, 19.136996760000045], [72.99606549000003, 19.13645219400007], [72.99617395800004, 19.136058391000063], [72.99630156400008, 19.135778435000077], [72.99624419400004, 19.135544045000074], [72.99624186400007, 19.135139004000052], [72.99597624300003, 19.134451114000058], [72.99560748700003, 19.134341249000045], [72.99457035200004, 19.13457134600003], [72.99420060200003, 19.134378041000048], [72.99383484100008, 19.134348458000034], [72.99372878900004, 19.133533751000073], [72.99365911700005, 19.133183963000022], [72.99328378300004, 19.133212515000025], [72.99313898300005, 19.13316386300005], [72.99271295300008, 19.13301102500003], [72.99249496100003, 19.132549074000053], [72.99237955000007, 19.132068755000034], [72.99241062200008, 19.13185786400004], [72.99271466800008, 19.131531574000064], [72.99301267000004, 19.131289855000034], [72.99318311600007, 19.130525716000022], [72.99347486700003, 19.130499633000056], [72.99348401000003, 19.130139093000025], [72.99360171900008, 19.130056925000076], [72.99408709500005, 19.12838326900004], [72.99405295100007, 19.12824391600003], [72.99349304400005, 19.127848305000043], [72.99299839600008, 19.127886712000077], [72.99263595400004, 19.127959361000023], [72.99205717600006, 19.128353995000055], [72.99164834900006, 19.128475021000042], [72.99001257000003, 19.12802896000005], [72.98927577700005, 19.127830241000026], [72.98880139900007, 19.127588321000076], [72.98868907600007, 19.127050225000062], [72.98862127900003, 19.126973306000025], [72.98860863100003, 19.126865526000074], [72.98846493000008, 19.126605047000055], [72.98826439800007, 19.12616160600004], [72.98806277100005, 19.125546935000045], [72.98774615800005, 19.124667635000037], [72.98768749500005, 19.12444867000005], [72.98761118700008, 19.12425993000005], [72.98747144300006, 19.123923035000075], [72.98698630400008, 19.12299932800005], [72.98694194700005, 19.122792016000062], [72.98689601500007, 19.122613414000057], [72.98680611000003, 19.122262860000035], [72.98677876000005, 19.122115308000048], [72.98695633800008, 19.121460785000068], [72.98711369400007, 19.120941620000053], [72.98718973500007, 19.120626214000026], [72.98723786300008, 19.12049309300005], [72.98695571900004, 19.120010948000072], [72.98667024000008, 19.11963005800004], [72.98665155500004, 19.119414368000037], [72.98671357500007, 19.11919223600006], [72.98693997300006, 19.119063519000065], [72.98729684500006, 19.119161830000053], [72.98770501200005, 19.11937180800004], [72.98824777400006, 19.119632383000067], [72.98854532400003, 19.119325969000045], [72.98870595600005, 19.11912066700006], [72.98893644400005, 19.118768699000043], [72.98901002700006, 19.117126634000044], [72.98841880800006, 19.115599260000067], [72.98843490900003, 19.115299640000046], [72.98855481400005, 19.11502100200005], [72.98877062300005, 19.114780274000054], [72.98900474100003, 19.114701297000067], [72.98932771800008, 19.114627158000076], [72.98979038800007, 19.11452003200003], [72.98997636500008, 19.114514427000074], [72.99026817400005, 19.114559362000023], [72.99060510200007, 19.114684023000052], [72.99067697000004, 19.114735488000065], [72.99117634000004, 19.11532020800007], [72.99156327500003, 19.11597364900007], [72.99163349400004, 19.116540308000026], [72.99283401000008, 19.116852272000074], [72.99407048500007, 19.115696197000034], [72.99531982600007, 19.11506118500006], [72.99773851200007, 19.113848700000062], [72.99811633200005, 19.11364803500004], [73.00074992200007, 19.112451306000025], [73.00127932400005, 19.110529341000074], [72.99790335400007, 19.109568989000024], [72.99747562300007, 19.108131612000022], [72.99699529800006, 19.106853956000066], [72.99687336700003, 19.10660073300005], [72.99680528300007, 19.104712274000065], [72.99655965000005, 19.103752893000035], [72.99654646000005, 19.103702702000078], [72.99573352800007, 19.100406435000025], [72.99541791200005, 19.09920690200005], [72.99503051300007, 19.097904293000056], [72.99621351400003, 19.097653627000057], [72.99634531300006, 19.097635883000066], [72.99635496000008, 19.097231727000064], [72.99633729700008, 19.096868279000034], [72.99626537000006, 19.096235058000048], [72.99564574500005, 19.096389412000065], [72.99407261900006, 19.097196592000046], [72.99326278600006, 19.09717799400005], [72.99276590400007, 19.096916252000028], [72.99242377500008, 19.09645046600002], [72.99230979700008, 19.095661679000045], [72.99273085200008, 19.095214295000062], [72.99274785900008, 19.095179827000038], [72.99347858800007, 19.094644492000043], [72.99425207400003, 19.09412755200003], [72.99488023300006, 19.093768675000035], [72.99954856500005, 19.09358059500005], [73.00030487500004, 19.093524659000025], [73.00457804700005, 19.096990660000074], [73.00540323300004, 19.09734038000005], [73.00563686100008, 19.095973024000045], [73.00539348900008, 19.09235973400007], [73.00433627500007, 19.09253142500006], [73.00413737100007, 19.092482524000047], [73.00338473800008, 19.09191771600007], [73.00308994000005, 19.091521595000074], [73.00288375300005, 19.09133938100007], [73.00152279200006, 19.090099805000023], [73.00070067200005, 19.089430630000038], [73.00033675500003, 19.089123250000057], [73.00016851800007, 19.088704540000037], [72.99998259600005, 19.088384575000077], [72.99920739800007, 19.087333311000066], [72.99914521000005, 19.087245856000038], [72.99901766900007, 19.08707361000006], [72.99882588700007, 19.086821118000046], [72.99857855800008, 19.086475912000026], [72.99824723800003, 19.086011222000025], [72.99784574000006, 19.085516821000056], [72.99770250800003, 19.085446958000034], [72.99756695800005, 19.085480250000046], [72.99717697400007, 19.085763843000052], [72.99705096500003, 19.08550072500003], [72.99680639300004, 19.08486173700004], [72.99672726800003, 19.08479127800007], [72.99549851800003, 19.083504004000076], [72.99533331100008, 19.083402361000026], [72.98994216400007, 19.077159703000063], [72.98894607300008, 19.076005828000064], [72.98718195200007, 19.07621856700007], [72.98637379300004, 19.076282022000044], [72.98505675400008, 19.075870253000062], [72.98464420200008, 19.075566067000068], [72.98425687500003, 19.071814235000033], [72.98413299900005, 19.071381433000056], [72.98408816000006, 19.071173119000036], [72.98415890300004, 19.071105974000034], [72.98414667800006, 19.070817143000056], [72.98390671300007, 19.070576841000047], [72.98397485400005, 19.070279077000066], [72.98415772900006, 19.07004043200004], [72.98426390600008, 19.069748898000057], [72.98412550600005, 19.069625044000077], [72.98437011000004, 19.069274698000072], [72.98467517300008, 19.06908936800005], [72.98498528000005, 19.068931490000068], [72.98508798200004, 19.068700602000035], [72.98519774400006, 19.068592461000037], [72.98491147500005, 19.068277900000055], [72.98440333300005, 19.068427529000076], [72.98297319000005, 19.067180802000053], [72.98303262000007, 19.067099729000063], [72.98216153800007, 19.066297381000027], [72.98246583200006, 19.065950427000075], [72.98181831100004, 19.065323298000067], [72.98081353300006, 19.064841820000026], [72.97798284300006, 19.063793024000063], [72.97802925000008, 19.063481446000026], [72.97131483700008, 19.061901824000074], [72.96290886700007, 19.059906870000077], [72.96028562600003, 19.05932074900005], [72.95841130100007, 19.058893418000025], [72.95803656500004, 19.058835240000064], [72.95727156800007, 19.058738427000037], [72.95493553100005, 19.057841952000047], [72.94644887100003, 19.05482485700003], [72.94426306800005, 19.05403227900007], [72.94364362800007, 19.053796414000033], [72.93689154800006, 19.051427344000047], [72.93656802000004, 19.05184141700005], [72.94074797500008, 19.053456855000036], [72.94092011000004, 19.053523101000053], [72.94084195900007, 19.053686480000067], [72.94097894100008, 19.05396385100005], [72.94115940100005, 19.054067177000036], [72.94111475700004, 19.05442255400004], [72.94089492400008, 19.05445684800003], [72.94074177800007, 19.05465687000003], [72.94050897700004, 19.054665930000056], [72.94031492000005, 19.054697994000037], [72.94010945500008, 19.054750567000042], [72.94008350500008, 19.054828444000066], [72.94035890100008, 19.055009115000075], [72.94048553700003, 19.055291754000052], [72.94107811100008, 19.055719699000065], [72.94146217900004, 19.055708887000037], [72.94219469800004, 19.056296358000054], [72.94189116500007, 19.05748087300003], [72.93983063300004, 19.058581915000048], [72.93984063600004, 19.057461180000075], [72.93958537900005, 19.057526598000038], [72.93961243000007, 19.05793344800003], [72.93934112500006, 19.05876134300007], [72.93894831400007, 19.058951490000027], [72.93867119200007, 19.058970298000077], [72.93783368700008, 19.058768325000074], [72.93778976500005, 19.05847847000007], [72.93744848700004, 19.05817883700007], [72.93633335100003, 19.057464092000032], [72.93618605300003, 19.05749383600005], [72.93627828100006, 19.057857671000022], [72.93589815800004, 19.058119454000064], [72.93577234500003, 19.058265778000077], [72.93559528000003, 19.058437002000062], [72.93554249200008, 19.05866977200003], [72.93486387400003, 19.058690666000075], [72.93419612500003, 19.058444303000044], [72.93391924400004, 19.058171972000025], [72.93355953300005, 19.05768125000003], [72.93323454700004, 19.057321897000065], [72.93285055000007, 19.056822683000064], [72.93289442700006, 19.056453973000032], [72.93291554900003, 19.055998915000032], [72.93255031200005, 19.05627830800006], [72.93250172500007, 19.056684973000074], [72.93260349500008, 19.057059714000047], [72.93305860500004, 19.05754333300007], [72.93324102900004, 19.05826538900004], [72.93285812000005, 19.058779060000063], [72.93261257600005, 19.058640628000035], [72.93192257000004, 19.058137240000065], [72.93093371400005, 19.057326869000065], [72.93022793600005, 19.05669847200005], [72.92940096000007, 19.05683646600005], [72.93007740400003, 19.057142458000044], [72.92990282500006, 19.05746509000005], [72.93116686900004, 19.058154589000026], [72.93089369800003, 19.058578690000047], [72.93136790300008, 19.05885584600003], [72.93120782700004, 19.059164992000035], [72.93119164700005, 19.059164992000035], [72.93118212900004, 19.05938367300007], [72.93279518700007, 19.06034779500004], [72.93306806900006, 19.059886869000024], [72.93372134300006, 19.059909221000055], [72.93375455900008, 19.05988684700003], [72.93431566400005, 19.05952379400003], [72.93495367800006, 19.059362794000037], [72.93570989100004, 19.059280238000042], [72.93708492300004, 19.059280904000047], [72.93720148400007, 19.059948505000023], [72.93720111800008, 19.060550028000023], [72.93695592100005, 19.061500394000063], [72.93639467500003, 19.062610464000045], [72.93608897000007, 19.063077254000063], [72.93579341900005, 19.063323027000024], [72.93571595100008, 19.063500865000037], [72.93550684700006, 19.064904897000076], [72.93483442700006, 19.066561227000022], [72.93430021100005, 19.067270867000047], [72.93409623600007, 19.068194660000074], [72.93405423300004, 19.068639834000066], [72.93407722800004, 19.06908938400005], [72.93393653900006, 19.069564031000027], [72.93372619100006, 19.069833837000033], [72.93281200600006, 19.070469394000042], [72.93223776800005, 19.07078943600004], [72.93184043300005, 19.07207728700007], [72.93176933600006, 19.072545767000065], [72.93164969300005, 19.07281962600007], [72.93076768000003, 19.073737450000067], [72.92969336800007, 19.074586898000064], [72.92782374800004, 19.07508794200004], [72.92691636200004, 19.07499399200003], [72.92578922000007, 19.07455108000005], [72.92491186700005, 19.074036141000022], [72.92419746300004, 19.07398190300006], [72.92353691300008, 19.07430221900006], [72.92303264500003, 19.074349230000053], [72.92265933600004, 19.07404699800003], [72.92184914500007, 19.073018967000053], [72.92082881400006, 19.07362835300006], [72.92206115100004, 19.07493304700006], [72.92131134300007, 19.075174910000044], [72.92085621600006, 19.075351330000046], [72.92008593800006, 19.075833189000036], [72.91895832900008, 19.076439381000057], [72.91861104300006, 19.07676424400006], [72.91799411300008, 19.07767745700005], [72.91793895400008, 19.078052655000022], [72.91778724500006, 19.07852716900004], [72.91781718300007, 19.079029296000044], [72.91750486600006, 19.079585017000056], [72.91882599700006, 19.08119172000005], [72.92072765500006, 19.08347978100005], [72.92103316500004, 19.083543201000055], [72.92134017900008, 19.082937479000066], [72.92252569900006, 19.082011111000043], [72.92171565500007, 19.081031949000078], [72.92166038000005, 19.08074229400006], [72.92218152300006, 19.080244090000065], [72.92263128800005, 19.08002117600006], [72.92311342800008, 19.08039849200003], [72.92348319500007, 19.080092523000076], [72.92409743400003, 19.08078481900003], [72.92625104400008, 19.079125222000073], [72.92802260600007, 19.078804749000028], [72.92891501800005, 19.078781237000044], [72.92894490300006, 19.077687153000056], [72.92818864000003, 19.077067601000067], [72.92894800100004, 19.076380736000033], [72.92983223900006, 19.076047498000037], [72.93093109900008, 19.075060534000045], [72.93604540000007, 19.080207509000047], [72.93402329400004, 19.081828104000067], [72.93112729500007, 19.079037924000033], [72.93014687700008, 19.079983103000075], [72.92899186400007, 19.07902271000006], [72.92850814100007, 19.078906881000023], [72.92634383100005, 19.07927584600003], [72.92146781000008, 19.08300580300005], [72.92102909200008, 19.083848181000064], [72.92395832800008, 19.08751618100007], [72.92486441600005, 19.089864273000046], [72.92596389700003, 19.092311152000036], [72.92735360600005, 19.095570743000053]]]}, "properties": {"name": "Thane Creek", "designation": "Wetland of International Importance (Ramsar Site)", "designationType": "International", "iucnCategory": "Not Reported", "marineAreaKm2": 19.12, "noTake": "Not Reported", "status": "Designated", "statusYear": 2022, "managingAuthority": "Mangrove Cell of Forest Department of Maharashtra"}}, {"type": "Feature", "geometry": {"type": "MultiPolygon", "coordinates": [[[[79.1711281, 9.2539363], [79.1880797, 9.2564777], [79.2052458, 9.2552917], [79.2164468, 9.2514795], [79.2414665, 9.2497852], [79.2414665, 9.2388145], [79.1781234, 9.2100518], [79.1711281, 9.2539363]]], [[[79.0411374, 9.1763303], [79.0387341, 9.218355], [79.0933224, 9.2315714], [79.1746899, 9.2190328], [79.1805264, 9.190565], [79.0411374, 9.1763303]]], [[[78.4631859, 9.1061664], [78.4715998, 9.0573134], [78.6055537, 9.0898021], [78.5814664, 9.1241756], [78.4631859, 9.1061664]]], [[[78.1916786, 8.8166547], [78.2240713, 8.9448494], [78.2625639, 8.9748958], [78.308336, 8.9250083], [78.2416633, 8.8166692], [78.1916786, 8.8166547]]], [[[78.6782944, 9.1637331], [78.6850427, 9.1160044], [78.7589257, 9.1170131], [78.8653561, 9.155655], [78.8835522, 9.1665012], [78.9972102, 9.1740711], [78.9987569, 9.2200714], [78.8945385, 9.215305], [78.8608929, 9.1953098], [78.6782944, 9.1637331]]]]}, "properties": {"name": "Gulf of Mannar Marine (Tamil Nadu)", "designation": "National Park", "designationType": "National", "iucnCategory": "II", "marineAreaKm2": null, "status": "Designated", "source": "OpenStreetMap contributors (ODbL)", "osmRelation": 415570}}, {"type": "Feature", "geometry": {"type": "MultiPolygon", "coordinates": [[[[69.2928741, 22.4560514], [69.3153189, 22.4478413], [69.3175936, 22.4476627], [69.3199432, 22.4479403], [69.3223786, 22.4485353], [69.3245886, 22.4494279], [69.3654442, 22.5111099], [69.3656695, 22.5122002], [69.365766, 22.5132904], [69.3654442, 22.5144996], [69.3648648, 22.5154312], [69.3558097, 22.5245292], [69.3532133, 22.5275618], [69.3499946, 22.5283843], [69.3467545, 22.5288898], [69.3305969, 22.5295636], [69.3198895, 22.5276807], [69.3186343, 22.5271753], [69.3173897, 22.5265212], [69.3164027, 22.5257086], [69.3154906, 22.5246087], [69.2903851, 22.4595218], [69.290514, 22.4587482], [69.2913508, 22.4572808], [69.2920589, 22.4565074], [69.2928741, 22.4560514]]], [[[69.3354668, 22.297676], [69.3380526, 22.2997566], [69.3384614, 22.2993979], [69.3382532, 22.2988883], [69.3421024, 22.29775], [69.3505462, 22.298813], [69.3711089, 22.2986263], [69.3767737, 22.2875876], [69.4029521, 22.2873493], [69.4159984, 22.2810751], [69.4264697, 22.2804397], [69.4384002, 22.2935438], [69.4467258, 22.2871905], [69.4656085, 22.2885406], [69.4676684, 22.292432], [69.4789981, 22.2928291], [69.4801997, 22.3085525], [69.4680118, 22.3252268], [69.4801139, 22.3316578], [69.4830321, 22.3295142], [69.4929027, 22.335945], [69.4923877, 22.3537275], [69.5036315, 22.3642053], [69.5170424, 22.3652174], [69.5242603, 22.3657358], [69.5352172, 22.3661897], [69.5441435, 22.371349], [69.5578764, 22.3757936], [69.5511816, 22.4051568], [69.5300673, 22.4235651], [69.4996832, 22.4440336], [69.4662092, 22.4184872], [69.4564246, 22.3952374], [69.4529055, 22.370714], [69.4609737, 22.3519811], [69.4413183, 22.3402322], [69.4134232, 22.3282441], [69.363856, 22.3303481], [69.3476769, 22.3310229], [69.3255326, 22.3305466], [69.3209835, 22.3059322], [69.3354668, 22.297676]]], [[[69.8441184, 22.5174137], [69.8572466, 22.4961153], [69.8790201, 22.4875359], [69.8998331, 22.4878317], [69.9485034, 22.4972986], [70.0464845, 22.5759675], [70.0570511, 22.5898629], [70.0570511, 22.6146939], [70.0429623, 22.6276988], [69.9385773, 22.6182408], [69.9123209, 22.608191], [69.8463598, 22.5348642], [69.8441184, 22.5174137]]]]}, "properties": {"name": "Marine (Gulf of Kachchh) (Gujarat)", "designation": "National Park", "designationType": "National", "iucnCategory": "II", "marineAreaKm2": null, "status": "Designated", "source": "OpenStreetMap contributors (ODbL)", "osmRelation": 8334753}}, {"type": "Feature", "geometry": {"type": "MultiPolygon", "coordinates": [[[[86.8576503, 20.6809085], [86.858232, 20.6827786], [86.8577986, 20.6831624], [86.8579221, 20.6841442], [86.8600056, 20.6867864], [86.8627835, 20.6898184], [86.8646355, 20.6909012], [86.8684938, 20.6911178], [86.8707316, 20.6921284], [86.8733553, 20.69581], [86.8760561, 20.6981921], [86.883001, 20.702451], [86.8858561, 20.7065654], [86.8855475, 20.7095248], [86.8837727, 20.712051], [86.880428, 20.7140175], [86.8811093, 20.7183959], [86.8816565, 20.7187822], [86.8841204, 20.7181404], [86.8846687, 20.7168533], [86.8852163, 20.7168537], [86.8852166, 20.7163384], [86.8857644, 20.7159521], [86.8890488, 20.7159542], [86.8895962, 20.7160839], [86.8900059, 20.7165991], [86.8904159, 20.7181445], [86.8909632, 20.7182732], [86.8917838, 20.7190462], [86.8936993, 20.7196919], [86.8938352, 20.7204645], [86.8927398, 20.7212364], [86.8923291, 20.7220086], [86.8931501, 20.7222666], [86.8938345, 20.7214946], [86.8947944, 20.719435], [86.8953418, 20.7194352], [86.8945219, 20.7176321], [86.8950694, 20.7176323], [86.898214, 20.7214972], [86.8982132, 20.7225272], [86.8997173, 20.7256185], [86.903822, 20.7274235], [86.9038228, 20.7261358], [86.9046441, 20.7258788], [86.904643, 20.7276815], [86.9057379, 20.7278104], [86.9062856, 20.7274248], [86.9065589, 20.7281974], [86.9076534, 20.7287132], [86.9077902, 20.7281982], [86.906833, 20.7276826], [86.9065599, 20.7266524], [86.9087494, 20.7271685], [86.9086124, 20.7263959], [86.9064236, 20.7248497], [86.9062877, 20.724077], [86.9076559, 20.7247212], [86.9087507, 20.7248508], [86.9087513, 20.7238208], [86.908204, 20.7236913], [86.9064253, 20.7220169], [86.9068373, 20.7204719], [86.9072905, 20.7205599], [86.9073843, 20.7212449], [86.9092996, 20.7226618], [86.9106681, 20.7226626], [86.9125835, 20.7238228], [86.91012, 20.7236922], [86.9097086, 20.7243364], [86.9097084, 20.7248514], [86.9108025, 20.7261396], [86.9109395, 20.7266546], [86.9125816, 20.7271706], [86.9125812, 20.7279432], [86.9139498, 20.7279438], [86.9139494, 20.7287164], [86.9131282, 20.7287161], [86.9131278, 20.7294887], [86.9120327, 20.7294881], [86.9120327, 20.7297455], [86.9128536, 20.7303893], [86.9136746, 20.7305189], [86.9131267, 20.7315488], [86.913674, 20.731549], [86.9139475, 20.7320642], [86.9125787, 20.7320636], [86.9128519, 20.7333513], [86.9142204, 20.7334804], [86.9150418, 20.7330948], [86.9168125, 20.748032], [86.9158534, 20.7508644], [86.9163066, 20.7509523], [86.9164007, 20.7511222], [86.9153054, 20.7513792], [86.9137953, 20.758074], [86.9133852, 20.7582021], [86.9103743, 20.756913], [86.9057201, 20.7566529], [86.9054465, 20.7563953], [86.9040775, 20.7563945], [86.8999715, 20.755362], [86.8972336, 20.7553605], [86.8953176, 20.7548444], [86.8928534, 20.7548428], [86.8851134, 20.7535043], [86.882451, 20.7532908], [86.8821773, 20.7530332], [86.8770563, 20.7529403], [86.8756066, 20.7532861], [86.8747766, 20.7534862], [86.8739285, 20.753703], [86.8702643, 20.7527935], [86.8688641, 20.752705], [86.8672752, 20.7528607], [86.8651954, 20.7513065], [86.8637252, 20.750243], [86.8624503, 20.7493747], [86.862743, 20.7487701], [86.8636316, 20.7486011], [86.8645934, 20.7476848], [86.8652084, 20.7472269], [86.8657054, 20.7469185], [86.8661881, 20.7465915], [86.8660303, 20.7464548], [86.8669904, 20.7436229], [86.8676763, 20.7425934], [86.8682238, 20.7425938], [86.8691838, 20.7397618], [86.8691862, 20.736929], [86.869736, 20.7343541], [86.8693259, 20.7342246], [86.8686404, 20.735126], [86.8682263, 20.739761], [86.8679524, 20.7397608], [86.8676827, 20.7351252], [86.8674091, 20.735125], [86.8672671, 20.7402753], [86.8658952, 20.7438795], [86.8653314, 20.7447964], [86.8643881, 20.7459385], [86.8634044, 20.7464681], [86.8628806, 20.7474824], [86.8623013, 20.7482223], [86.8589447, 20.7498923], [86.8580876, 20.7501821], [86.8567183, 20.750696], [86.8556232, 20.7506952], [86.8552129, 20.7497939], [86.8530247, 20.7477319], [86.8524784, 20.7464439], [86.8516576, 20.7459281], [86.8504287, 20.7433518], [86.8482388, 20.7432207], [86.8455004, 20.7439908], [86.8446782, 20.7447625], [86.8441307, 20.7448912], [86.8439927, 20.7454063], [86.8416639, 20.7475926], [86.8405684, 20.7481067], [86.8391995, 20.7481054], [86.8385155, 20.7472038], [86.8367417, 20.7423093], [86.8348251, 20.7426932], [86.8329088, 20.7426915], [86.8316784, 20.7407591], [86.8314104, 20.7356085], [86.8303186, 20.7327746], [86.8300451, 20.7325168], [86.8300477, 20.7301991], [86.8286822, 20.7273651], [86.8281354, 20.7268495], [86.8282736, 20.726077], [86.8290946, 20.7262061], [86.8296423, 20.7259491], [86.8326533, 20.7260814], [86.8330646, 20.7250517], [86.8327933, 20.7227336], [86.8314272, 20.7204146], [86.830607, 20.7196412], [86.8301986, 20.7180958], [86.8285565, 20.7178366], [86.8282836, 20.717192], [86.8274624, 20.7171912], [86.8269145, 20.7177057], [86.8258196, 20.7177045], [86.8243148, 20.7168022], [86.8237693, 20.714999], [86.8232245, 20.7129381], [86.822951, 20.7126803], [86.8229527, 20.7111353], [86.8236393, 20.7095908], [86.8252817, 20.7094634], [86.8261033, 20.7089491], [86.8280196, 20.7085653], [86.8281581, 20.7067626], [86.827885, 20.7062474], [86.8277518, 20.7034144], [86.8293942, 20.7031585], [86.8299427, 20.702129], [86.8313118, 20.7014861], [86.8324066, 20.7013589], [86.8325459, 20.6987837], [86.8322728, 20.6982683], [86.8324112, 20.6972385], [86.8367909, 20.69647], [86.8366586, 20.6918346], [86.8373443, 20.6908051], [86.8381655, 20.6906766], [86.8389869, 20.6901623], [86.8409033, 20.6893916], [86.8439145, 20.6886218], [86.8441883, 20.6883644], [86.848294, 20.6877248], [86.8496656, 20.6843782], [86.8529498, 20.6839943], [86.8540451, 20.6832226], [86.8576503, 20.6809085]]], [[[87.0145263, 20.6889283], [87.0158493, 20.6899551], [87.0166755, 20.6903465], [87.0181882, 20.6913], [87.0189071, 20.6922134], [87.0197546, 20.692926], [87.0226192, 20.6945419], [87.0244646, 20.6958366], [87.0254195, 20.6967299], [87.0268357, 20.6977235], [87.0281124, 20.6985264], [87.0293999, 20.698978], [87.030462, 20.6997709], [87.0314169, 20.7006942], [87.0328867, 20.7019487], [87.0336485, 20.7026211], [87.0344746, 20.703133], [87.0358372, 20.7039559], [87.0369315, 20.7047287], [87.0394313, 20.7061036], [87.040633, 20.7068563], [87.0422208, 20.7075086], [87.0440769, 20.7084821], [87.0455468, 20.7091143], [87.0440555, 20.710424], [87.0432669, 20.7103035], [87.0423388, 20.7101279], [87.0389593, 20.7087229], [87.0381331, 20.708191], [87.0368993, 20.7068864], [87.0364916, 20.7064749], [87.0355475, 20.7059832], [87.0339167, 20.7055817], [87.0321143, 20.7054814], [87.0313096, 20.7054613], [87.0302689, 20.7053108], [87.0286703, 20.703986], [87.0257306, 20.702591], [87.0248079, 20.7021996], [87.0240998, 20.7014469], [87.0231879, 20.700905], [87.0228445, 20.7006641], [87.0222276, 20.7005838], [87.021144, 20.7008849], [87.0197171, 20.7015372], [87.0191216, 20.7015774], [87.0173943, 20.7007243], [87.0153773, 20.6997508], [87.0128453, 20.698697], [87.0099243, 20.6992741], [87.0070302, 20.6998374], [87.0049649, 20.7002677], [86.9995576, 20.7007594], [86.9950515, 20.7013967], [86.9913974, 20.7019696], [86.9842207, 20.7032032], [86.9796395, 20.7043022], [86.9787222, 20.7043875], [86.9777942, 20.7047538], [86.9734704, 20.7072527], [86.9714695, 20.7080004], [86.9699353, 20.7084118], [86.9677573, 20.7088233], [86.9639861, 20.7089236], [86.956594, 20.7091846], [86.9478285, 20.7104491], [86.944803, 20.7110512], [86.9398463, 20.711854], [86.9364023, 20.7118038], [86.932143, 20.7109408], [86.9240427, 20.7076391], [86.9191933, 20.7055215], [86.9118118, 20.7023702], [86.9080138, 20.7009752], [86.9037974, 20.6988375], [86.9015872, 20.6972016], [86.8991089, 20.6948129], [86.8934977, 20.689373], [86.8858051, 20.6824975], [86.880902, 20.6776695], [86.8879847, 20.6741062], [86.8878472, 20.6746212], [86.8868891, 20.6756507], [86.8868887, 20.6761657], [86.8871624, 20.6761659], [86.8872558, 20.6757386], [86.8877099, 20.6756513], [86.8885325, 20.6735916], [86.8929118, 20.67192], [86.8937326, 20.6720497], [86.8940059, 20.6725649], [86.8926375, 20.6728216], [86.8919519, 20.6743663], [86.8920885, 20.6751391], [86.8934561, 20.6760408], [86.8964657, 20.6765575], [86.8978343, 20.6761725], [86.8981087, 20.6748851], [86.8989297, 20.6748856], [86.8998861, 20.6761739], [86.899475, 20.6777187], [86.9000222, 20.6781049], [86.9008426, 20.6788779], [86.9022106, 20.6791362], [86.9052193, 20.6814557], [86.9057664, 20.6815851], [86.9056296, 20.6810701], [86.9039883, 20.6800391], [86.9018008, 20.6774625], [86.9016649, 20.6766898], [86.9041269, 20.6778497], [86.9049473, 20.6786227], [86.9068624, 20.6793963], [86.908778, 20.6795265], [86.9091881, 20.6790117], [86.9090531, 20.676694], [86.907138, 20.6761778], [86.9068638, 20.6773362], [86.9060427, 20.6772073], [86.9052231, 20.6754043], [86.9039915, 20.6748885], [86.9038558, 20.6738584], [86.9033087, 20.6737288], [86.9024884, 20.6726982], [86.9019413, 20.6725696], [86.9013947, 20.6712816], [86.901942, 20.671282], [86.9019424, 20.670767], [86.9030365, 20.6712825], [86.9030369, 20.6707675], [86.904131, 20.6712833], [86.9041314, 20.6707681], [86.9044051, 20.6707683], [86.9046776, 20.6723137], [86.9065924, 20.6736023], [86.9067288, 20.6733449], [86.9065929, 20.6725723], [86.9071403, 20.6725725], [86.9070053, 20.6687095], [86.9065956, 20.6683226], [86.9019443, 20.6678049], [86.901259, 20.6689639], [86.9011219, 20.6699939], [86.9003009, 20.670251], [86.9000282, 20.6689631], [86.8994809, 20.6688337], [86.8981144, 20.6663869], [86.8920949, 20.6659964], [86.8899057, 20.6663818], [86.8896315, 20.6672825], [86.8871688, 20.6674101], [86.8874434, 20.6661227], [86.8888124, 20.6649643], [86.8893597, 20.6648363], [86.8905914, 20.6635494], [86.8905918, 20.6630344], [86.8900454, 20.6617464], [86.888952, 20.6602005], [86.8889541, 20.6573678], [86.8897759, 20.6560807], [86.8897765, 20.6553081], [86.8893671, 20.6545353], [86.887589, 20.6535039], [86.8863605, 20.6505411], [86.8841722, 20.6498962], [86.8840352, 20.6493812], [86.8822586, 20.6479632], [86.8808906, 20.6479622], [86.8796595, 20.6473179], [86.8796604, 20.6460304], [86.8776103, 20.6443546], [86.875696, 20.6435806], [86.8748751, 20.6435801], [86.8737816, 20.6428067], [86.8721401, 20.6428053], [86.8696784, 20.6421603], [86.8689948, 20.6411297], [86.8687268, 20.6346912], [86.8665436, 20.628509], [86.8661345, 20.627736], [86.8655873, 20.6277356], [86.8653148, 20.6267052], [86.8647678, 20.6265757], [86.8634015, 20.6247719], [86.861761, 20.623998], [86.8610774, 20.6230966], [86.860947, 20.6166583], [86.8568453, 20.615238], [86.8532896, 20.6149776], [86.8524694, 20.614591], [86.8517871, 20.6125302], [86.8519258, 20.6109851], [86.8513788, 20.6109847], [86.8511063, 20.6099543], [86.8486442, 20.6103382], [86.847277, 20.6099511], [86.8452294, 20.6058288], [86.845094, 20.6047986], [86.8456412, 20.604799], [86.845779, 20.6032541], [86.8461906, 20.6022242], [86.8475584, 20.6020963], [86.8489252, 20.6027417], [86.8487479, 20.5999592], [86.8482447, 20.5991358], [86.8478357, 20.5982337], [86.8440075, 20.5974576], [86.8419572, 20.5960398], [86.8414116, 20.5947517], [86.8412836, 20.5867682], [86.8371819, 20.5862494], [86.8369101, 20.5847039], [86.8363632, 20.5847033], [86.8359546, 20.5826429], [86.8336321, 20.5812237], [86.8317179, 20.5812218], [86.8306236, 20.5814782], [86.8302137, 20.5808345], [86.8298071, 20.5780014], [86.8292602, 20.5780008], [86.8289878, 20.5769704], [86.828441, 20.5769698], [86.8283044, 20.5764546], [86.8273486, 20.575552], [86.8268019, 20.5754231], [86.8265291, 20.5747786], [86.8257089, 20.5747776], [86.8246163, 20.5737464], [86.823796, 20.5736174], [86.8244821, 20.5710428], [86.8250296, 20.5705283], [86.8247593, 20.5676952], [86.8248376, 20.5666133], [86.8265411, 20.5677621], [86.8264785, 20.5692422], [86.8287196, 20.5723346], [86.8309058, 20.5736244], [86.8314539, 20.5725949], [86.8322742, 20.572724], [86.8336403, 20.5737553], [86.8355541, 20.5740148], [86.8369203, 20.5750462], [86.8404739, 20.5763371], [86.8418402, 20.5773684], [86.8426607, 20.5773692], [86.84594, 20.5794323], [86.8505862, 20.5822692], [86.8519532, 20.5826572], [86.8524992, 20.5836878], [86.8533189, 20.5843318], [86.8535915, 20.5853622], [86.8534539, 20.5857489], [86.8537272, 20.5860065], [86.8535901, 20.5867791], [86.8582384, 20.587813], [86.8591938, 20.5891014], [86.8606962, 20.591678], [86.8615164, 20.5918069], [86.8617897, 20.5921938], [86.8620632, 20.5921942], [86.8620634, 20.5919366], [86.8618831, 20.5918479], [86.8617907, 20.5911637], [86.8647978, 20.5923246], [86.8675306, 20.594902], [86.8680776, 20.5950316], [86.8690333, 20.5960624], [86.8694429, 20.5973503], [86.8699897, 20.5977366], [86.8732711, 20.5985117], [86.8740915, 20.5983839], [86.8742274, 20.5988991], [86.8738171, 20.5996714], [86.8754586, 20.5991575], [86.8766876, 20.6004461], [86.8768245, 20.6009611], [86.8779178, 20.6018628], [86.8795586, 20.6022507], [86.8799679, 20.6027661], [86.8799677, 20.6030237], [86.8795576, 20.6034092], [86.874634, 20.6041783], [86.8742229, 20.6045646], [86.8742223, 20.6050798], [86.8744956, 20.6053374], [86.8744952, 20.6058524], [86.8732639, 20.6071392], [86.8732637, 20.6073968], [86.8735372, 20.607397], [86.8736304, 20.6072272], [86.8751783, 20.6073981], [86.8753148, 20.6071407], [86.8751789, 20.6066256], [86.875726, 20.606626], [86.8760003, 20.6055962], [86.8768211, 20.6052098], [86.8781887, 20.6052108], [86.8801029, 20.6058564], [86.8801033, 20.6053414], [86.8825648, 20.6053431], [86.8836563, 20.6086918], [86.8842034, 20.6086922], [86.8840656, 20.609207], [86.8844758, 20.6102374], [86.8850227, 20.6102378], [86.8848853, 20.6104952], [86.8850216, 20.6117829], [86.8855684, 20.6120409], [86.8852972, 20.6089503], [86.8847502, 20.60895], [86.8848868, 20.6084349], [86.8844775, 20.6079197], [86.8852977, 20.6081777], [86.8852983, 20.6076627], [86.8860248, 20.6074933], [86.8861186, 20.6079209], [86.8872125, 20.608179], [86.8872112, 20.6099817], [86.8874845, 20.6101102], [86.8888523, 20.6098536], [86.8896729, 20.6099832], [86.8899456, 20.6110137], [86.8910394, 20.6115292], [86.8910384, 20.6128169], [86.891585, 20.6133323], [86.8904909, 20.6135892], [86.8904905, 20.6141042], [86.8910375, 20.6142329], [86.8924053, 20.6138479], [86.8921323, 20.6130753], [86.8916784, 20.6129862], [86.8915856, 20.6125599], [86.8932265, 20.6130758], [86.8933618, 20.6143635], [86.8927101, 20.61514], [86.8929247, 20.6153131], [86.8924039, 20.6157789], [86.8913102, 20.6153924], [86.8913094, 20.6164225], [86.8914888, 20.6165103], [86.8914455, 20.6166801], [86.8902144, 20.6175803], [86.8899409, 20.6175801], [86.8892577, 20.6161637], [86.8885746, 20.6156481], [86.8886697, 20.6165175], [86.8884444, 20.6172054], [86.8889815, 20.6197689], [86.8893917, 20.6205417], [86.8899386, 20.6207997], [86.8899392, 20.6200271], [86.8902127, 20.6200273], [86.8903486, 20.6205423], [86.8902121, 20.6207997], [86.893493, 20.6232478], [86.8975952, 20.6244098], [86.8978683, 20.6251824], [86.8986889, 20.625183], [86.8986886, 20.625698], [86.8992359, 20.6254408], [86.8992355, 20.6259558], [86.8986884, 20.6260838], [86.8829443, 20.6367275], [86.8848638, 20.6390807], [86.8851369, 20.6398535], [86.8862304, 20.6408844], [86.8863673, 20.6413994], [86.8874614, 20.6416577], [86.8886908, 20.6432036], [86.8888277, 20.6437188], [86.8904688, 20.6444924], [86.8911516, 20.6452654], [86.8929277, 20.6491295], [86.8964829, 20.6513202], [86.8992191, 20.6509359], [86.8992195, 20.6504209], [86.901135, 20.6499068], [86.9015451, 20.649392], [86.9016835, 20.6478469], [86.902778, 20.6477184], [86.9030513, 20.647976], [86.9044194, 20.647591], [86.9044189, 20.6486211], [86.9060603, 20.6488796], [86.9063344, 20.6481072], [86.9077025, 20.6475927], [86.9082505, 20.646563], [86.9087978, 20.6461765], [86.9096186, 20.6460486], [86.9101664, 20.6450189], [86.9118078, 20.645148], [86.9263094, 20.6419361], [86.9263098, 20.6409061], [86.9279514, 20.6407776], [86.9293187, 20.6420658], [86.9301393, 20.6421953], [86.9300017, 20.6429679], [86.9295916, 20.6433534], [86.9287708, 20.6434823], [86.9287702, 20.6450274], [86.9306853, 20.6447708], [86.9312332, 20.6432259], [86.9323275, 20.643097], [86.9353359, 20.6456734], [86.9405328, 20.6487657], [86.9487397, 20.6509577], [86.948876, 20.6512153], [86.9487394, 20.6522453], [86.9517488, 20.6525037], [86.9520227, 20.6517312], [86.9528437, 20.6510871], [86.9543423, 20.6507892], [86.955847, 20.6517009], [86.9588095, 20.6534917], [86.9598184, 20.6568838], [86.9605025, 20.657914], [86.9610499, 20.6576566], [86.9610497, 20.6581716], [86.9615968, 20.6583001], [86.9629646, 20.6593306], [86.9654271, 20.6597178], [86.9657006, 20.6604905], [86.9689835, 20.6626795], [86.9725403, 20.6635819], [86.9725403, 20.6630669], [86.9747293, 20.6635823], [86.9749379, 20.6628295], [86.9761312, 20.6635508], [86.9789695, 20.666158], [86.9791067, 20.6666732], [86.9802011, 20.6670591], [86.9829372, 20.669377], [86.983758, 20.6695065], [86.983758, 20.6689913], [86.9856734, 20.6704075], [86.9867679, 20.6702793], [86.9867679, 20.6707944], [86.9875887, 20.6711803], [86.9908404, 20.6730445], [86.9919548, 20.6737764], [86.9910083, 20.6749149], [86.9910083, 20.6767176], [86.9921028, 20.6777479], [86.9927873, 20.6792929], [86.9936081, 20.6799365], [86.996071, 20.6807091], [86.9968918, 20.6812241], [86.9977129, 20.6809667], [86.9996284, 20.6808384], [86.999902, 20.6800658], [87.0004494, 20.6796791], [87.0012796, 20.679938], [87.0040476, 20.6816544], [87.0081246, 20.6844347], [87.0096373, 20.6855589], [87.011193, 20.6865626], [87.0121801, 20.6870042], [87.0128238, 20.6873455], [87.013253, 20.6877671], [87.0145263, 20.6889283]]]]}, "properties": {"name": "Bhitarkanika (Odisha)", "designation": "National Park", "designationType": "National", "iucnCategory": "II", "marineAreaKm2": null, "status": "Designated", "source": "OpenStreetMap contributors (ODbL)", "osmRelation": 8815438}}, {"type": "Feature", "geometry": {"type": "MultiPolygon", "coordinates": [[[[82.2500467, 16.8538955], [82.2499394, 16.8490901], [82.2500682, 16.8463998], [82.2463989, 16.8461122], [82.2463989, 16.8439764], [82.2460556, 16.8430728], [82.2454762, 16.843504], [82.2445535, 16.8444282], [82.243309, 16.8433603], [82.2427296, 16.8408958], [82.2421503, 16.8385135], [82.2401976, 16.8359052], [82.2380519, 16.834447], [82.2370434, 16.8319618], [82.236743, 16.8271763], [82.2406482, 16.8231918], [82.2433948, 16.8200697], [82.2491455, 16.8202341], [82.2505188, 16.8187552], [82.2516775, 16.8147294], [82.2522783, 16.8122234], [82.254467, 16.8072115], [82.2556257, 16.8025281], [82.2582435, 16.8009669], [82.2615909, 16.8009669], [82.2645092, 16.8013366], [82.2692084, 16.7995803], [82.270174, 16.7971871], [82.2719335, 16.7963963], [82.2753238, 16.7957697], [82.2791004, 16.793736], [82.2821474, 16.791805], [82.2863531, 16.7892372], [82.2892928, 16.786772], [82.2920608, 16.7844917], [82.293005, 16.7827249], [82.2928977, 16.7808965], [82.2931337, 16.7799104], [82.2945928, 16.7794379], [82.2962022, 16.7793968], [82.2975755, 16.7803007], [82.2989487, 16.7811636], [82.3007512, 16.7815128], [82.3034978, 16.7809992], [82.3007726, 16.7765823], [82.300086, 16.7719392], [82.300837, 16.7671727], [82.3022532, 16.7630019], [82.3025322, 16.7609679], [82.3040342, 16.7559135], [82.3076391, 16.7530986], [82.3136902, 16.748044], [82.3155141, 16.7451057], [82.3177671, 16.7416536], [82.3203635, 16.737996], [82.3213506, 16.7361877], [82.3240113, 16.7366398], [82.3253846, 16.7372151], [82.3263073, 16.7382015], [82.3265433, 16.7392289], [82.3284745, 16.7394755], [82.3296547, 16.7393522], [82.3310494, 16.7400714], [82.3323369, 16.7400714], [82.3336887, 16.7413043], [82.3351049, 16.7426605], [82.33783, 16.7438933], [82.3380446, 16.7462974], [82.3390531, 16.7491741], [82.3393965, 16.7521534], [82.339096, 16.7545163], [82.339375, 16.7585845], [82.34092, 16.7663098], [82.343452, 16.7737471], [82.3444605, 16.7782874], [82.3451686, 16.7847382], [82.34622, 16.7884771], [82.3479795, 16.7974542], [82.3490095, 16.8029389], [82.3482156, 16.8059995], [82.3473143, 16.8092656], [82.3483872, 16.8131683], [82.3498249, 16.8210145], [82.3499322, 16.8247116], [82.3523354, 16.8359052], [82.3536229, 16.8419638], [82.3538375, 16.8453318], [82.3531294, 16.8478373], [82.3531508, 16.8499937], [82.3525071, 16.8505276], [82.3515415, 16.8500964], [82.3501467, 16.8495829], [82.3492241, 16.8495829], [82.3475289, 16.8508562], [82.3461127, 16.8513696], [82.3437953, 16.8522937], [82.3399114, 16.8533821], [82.3383879, 16.8546554], [82.3355126, 16.8550456], [82.3322511, 16.8544295], [82.3293543, 16.8540393], [82.3261571, 16.8539982], [82.3242903, 16.8534438], [82.3214149, 16.8523348], [82.3198056, 16.8506303], [82.3189473, 16.8488231], [82.3184323, 16.8455577], [82.3161149, 16.842354], [82.3130893, 16.8429085], [82.3042487, 16.8470159], [82.2975539, 16.852109], [82.2950648, 16.8582697], [82.2958373, 16.8624589], [82.2956657, 16.8663195], [82.2925758, 16.8697693], [82.283306, 16.8746153], [82.2760963, 16.8771614], [82.2711181, 16.8757651], [82.2689724, 16.8785577], [82.2660112, 16.883075], [82.2642946, 16.8848819], [82.2617197, 16.8860317], [82.2601318, 16.8875408], [82.2594237, 16.8877666], [82.258501, 16.8875511], [82.2579539, 16.8872533], [82.2551751, 16.8853746], [82.2532224, 16.8836293], [82.2519564, 16.8823563], [82.2507763, 16.8809601], [82.2499609, 16.8791942], [82.2483408, 16.8751183], [82.2482979, 16.8742559], [82.2483623, 16.8734448], [82.2489095, 16.8723154], [82.2494674, 16.8705084], [82.2495317, 16.8693174], [82.2494459, 16.8680135], [82.2492528, 16.8671203], [82.2489095, 16.8665145], [82.2485018, 16.8661038], [82.2468817, 16.8656418], [82.245723, 16.8655699], [82.2448969, 16.8653954], [82.2441458, 16.8649641], [82.2432232, 16.8639785], [82.2421717, 16.8619455], [82.242043, 16.86135], [82.2422361, 16.8606518], [82.2430086, 16.8602821], [82.2447681, 16.859625], [82.2454333, 16.8591938], [82.2459912, 16.8586598], [82.2465062, 16.8576125], [82.2466135, 16.8562366], [82.2465062, 16.8547581], [82.2461092, 16.8537005], [82.2500467, 16.8538955]]]]}, "properties": {"name": "Coringa (Andhra Pradesh)", "designation": "Wildlife Sanctuary", "designationType": "National", "iucnCategory": "IV", "marineAreaKm2": null, "status": "Designated", "source": "OpenStreetMap contributors (ODbL)", "osmRelation": 14697187}}, {"type": "Feature", "geometry": {"type": "MultiPolygon", "coordinates": [[[[89.8570485, 22.2200941], [89.8385069, 22.2171107], [89.8385257, 22.2170213], [89.8385122, 22.2169269], [89.8384827, 22.2168475], [89.8383754, 22.2166886], [89.8382896, 22.2163956], [89.8382306, 22.2161721], [89.8381555, 22.2159685], [89.8380053, 22.2157673], [89.8378685, 22.2156159], [89.8377478, 22.2154644], [89.8375976, 22.2153104], [89.8374045, 22.2151764], [89.8372221, 22.2150572], [89.8370773, 22.2149777], [89.8369619, 22.214928], [89.8367742, 22.2148486], [89.8366347, 22.2148089], [89.836404, 22.214717], [89.8361921, 22.2145829], [89.8359507, 22.2144041], [89.835724, 22.2142428], [89.8355028, 22.2140838], [89.835299, 22.2139199], [89.83513, 22.2137659], [89.8349476, 22.213612], [89.8347303, 22.2134605], [89.8345056, 22.2133382], [89.8343334, 22.2132544], [89.8341697, 22.2131899], [89.8339525, 22.2131054], [89.8337728, 22.2130409], [89.8336279, 22.2130111], [89.8334402, 22.2129887], [89.8332766, 22.2129788], [89.8331156, 22.2129713], [89.8329815, 22.2129713], [89.832834, 22.2129838], [89.8327455, 22.2130111], [89.8326543, 22.2130434], [89.8325604, 22.2130309], [89.832437, 22.2129838], [89.8323405, 22.2129366], [89.8322037, 22.2128844], [89.8320454, 22.2128521], [89.8318979, 22.2128447], [89.8317423, 22.2128546], [89.8315626, 22.2128646], [89.831391, 22.2128646], [89.8312408, 22.2128521], [89.8310959, 22.2128298], [89.8308787, 22.2128], [89.830648, 22.2127752], [89.8304978, 22.2127826], [89.8304039, 22.2128124], [89.8302832, 22.2128472], [89.830184, 22.2128571], [89.8300552, 22.2128348], [89.8298916, 22.2128099], [89.8297548, 22.2128025], [89.8296395, 22.2128248], [89.8295215, 22.2128546], [89.8293713, 22.2128745], [89.8291218, 22.2128944], [89.8289046, 22.2128944], [89.8286819, 22.2128844], [89.8284969, 22.2128795], [89.8283118, 22.2128646], [89.8281026, 22.2128497], [89.8279148, 22.2128373], [89.8277298, 22.2128323], [89.8275205, 22.2128174], [89.8272416, 22.2128], [89.8270351, 22.2127926], [89.8268205, 22.2128075], [89.8265925, 22.2128149], [89.8263618, 22.2128124], [89.8261312, 22.2127851], [89.8258871, 22.2127454], [89.8256162, 22.2127032], [89.8253131, 22.2126734], [89.8250395, 22.2126485], [89.8247874, 22.2126386], [89.824487, 22.2126262], [89.8242831, 22.2126038], [89.8240471, 22.2125765], [89.8238164, 22.2125269], [89.8235321, 22.2124747], [89.8232746, 22.212435], [89.8229715, 22.2124002], [89.8227194, 22.2123655], [89.8224458, 22.2123332], [89.8221856, 22.2122959], [89.8219576, 22.2122512], [89.821735, 22.2122065], [89.8215097, 22.2121767], [89.821279, 22.2121494], [89.8210511, 22.212132], [89.8208123, 22.2121345], [89.8205522, 22.2121246], [89.8203483, 22.2121047], [89.8201472, 22.2120799], [89.8199084, 22.2120402], [89.8196885, 22.2120128], [89.8194686, 22.211988], [89.8192862, 22.2119657], [89.8190609, 22.2119359], [89.8188221, 22.2119185], [89.8185968, 22.2119036], [89.818342, 22.2118862], [89.8181435, 22.2118688], [89.8179075, 22.2118539], [89.8175856, 22.2118241], [89.8174354, 22.2118092], [89.8172021, 22.2117769], [89.8170117, 22.2117521], [89.816848, 22.2117298], [89.8166576, 22.2116975], [89.816443, 22.2116577], [89.8162499, 22.2116354], [89.8160568, 22.211628], [89.8158342, 22.2116205], [89.8155472, 22.211618], [89.815338, 22.2116081], [89.8151261, 22.2115957], [89.814882, 22.2115659], [89.8146647, 22.2115361], [89.8144153, 22.2115112], [89.8141524, 22.2115137], [89.8138842, 22.2115088], [89.8135865, 22.2115063], [89.8133236, 22.2115261], [89.8130769, 22.2115485], [89.8128435, 22.2115584], [89.8126504, 22.2115634], [89.8124948, 22.2115634], [89.8123486, 22.2115584], [89.8122521, 22.2115535], [89.8121501, 22.2115398], [89.8120442, 22.2115137], [89.8119396, 22.2114814], [89.8118712, 22.2114678], [89.8118135, 22.2114566], [89.8117492, 22.2114392], [89.8116848, 22.2114218], [89.8116298, 22.2114032], [89.8115641, 22.2113834], [89.811489, 22.2113672], [89.811434, 22.2113647], [89.8113428, 22.2113796], [89.811261, 22.2113958], [89.8111899, 22.2113908], [89.8111188, 22.2113697], [89.8110531, 22.2113461], [89.8109834, 22.2113089], [89.810915, 22.2112952], [89.8108238, 22.2113002], [89.8107474, 22.2113176], [89.8106602, 22.2113362], [89.8105945, 22.2113523], [89.8105314, 22.2113672], [89.8104805, 22.2113672], [89.8104443, 22.2113573], [89.8104121, 22.2113337], [89.8103879, 22.211294], [89.8103638, 22.2112381], [89.810349, 22.2111835], [89.8103343, 22.2111512], [89.8102954, 22.2111326], [89.8102632, 22.21114], [89.8102377, 22.2111748], [89.8102123, 22.2112157], [89.8101881, 22.2112642], [89.81016, 22.2113113], [89.8101184, 22.2113486], [89.8100688, 22.2113598], [89.8099789, 22.2113486], [89.8099494, 22.2113498], [89.8099145, 22.2113722], [89.8098394, 22.2114268], [89.8097938, 22.2114392], [89.8097295, 22.2114467], [89.8096758, 22.2114318], [89.8096195, 22.2113821], [89.809539, 22.2112828], [89.80948, 22.2112207], [89.8093969, 22.2111735], [89.8092467, 22.2111561], [89.809126, 22.2111537], [89.8089945, 22.211176], [89.8087907, 22.2112455], [89.8085278, 22.2113846], [89.8083615, 22.2115088], [89.8079753, 22.2118514], [89.807573, 22.2122537], [89.8071653, 22.2127851], [89.8065644, 22.2135896], [89.8060387, 22.2143644], [89.8055935, 22.2150448], [89.805159, 22.2157202], [89.8046708, 22.2166041], [89.8042524, 22.2173789], [89.8038608, 22.2183125], [89.8035872, 22.2189134], [89.8033029, 22.2195689], [89.80304, 22.2202542], [89.8028845, 22.2207757], [89.8027128, 22.2216546], [89.8026001, 22.2223946], [89.802525, 22.2229309], [89.8025089, 22.2232884], [89.8024875, 22.223646], [89.8025411, 22.2241029], [89.8026377, 22.2247782], [89.8028737, 22.2257913], [89.8031956, 22.2273009], [89.8033833, 22.228592], [89.8034849, 22.2291424], [89.8035657, 22.2295801], [89.8037052, 22.2310351], [89.8037857, 22.2324751], [89.8037696, 22.2340939], [89.803732, 22.2348487], [89.8036569, 22.235812], [89.8032814, 22.2376889], [89.8029274, 22.2391636], [89.8027182, 22.2401766], [89.802584, 22.2409462], [89.8024124, 22.2417357], [89.8022521, 22.2423913], [89.8021012, 22.2428529], [89.8019317, 22.2434165], [89.8016024, 22.2444666], [89.8012483, 22.2454596], [89.8009479, 22.2464625], [89.8007119, 22.2474456], [89.8004651, 22.248389], [89.8002934, 22.2491834], [89.8001218, 22.249948], [89.7999179, 22.2509907], [89.7997785, 22.2519042], [89.7996604, 22.2524801], [89.7995317, 22.2532149], [89.7992957, 22.2542774], [89.7990596, 22.2554392], [89.798845, 22.2565711], [89.7985983, 22.2580109], [89.7983622, 22.2596393], [89.798212, 22.2616252], [89.7981048, 22.2633032], [89.798094, 22.264028], [89.7981155, 22.2647925], [89.7981584, 22.2656861], [89.7983247, 22.2665599], [89.798609, 22.2679003], [89.7990274, 22.2694392], [89.7995424, 22.2711965], [89.800052, 22.2728645], [89.8002988, 22.2736538], [89.8003739, 22.2739219], [89.8004508, 22.274179], [89.8005007, 22.2742846], [89.8006689, 22.2747956], [89.8009103, 22.2754955], [89.8011088, 22.2760664], [89.8013449, 22.2768904], [89.8014736, 22.2774116], [89.8016185, 22.2781016], [89.8016721, 22.2787023], [89.8016614, 22.2793625], [89.8016399, 22.2796256], [89.8015112, 22.2802163], [89.8012376, 22.2808516], [89.8010176, 22.2812438], [89.8008943, 22.2814026], [89.800728, 22.2815267], [89.8003685, 22.2817799], [89.8000038, 22.282038], [89.7998375, 22.2821373], [89.7996175, 22.282182], [89.7992348, 22.2822349], [89.7988129, 22.2822465], [89.7983247, 22.2822465], [89.7980887, 22.2822663], [89.7978419, 22.282311], [89.7973323, 22.2824798], [89.7960287, 22.2828819], [89.7948915, 22.2832393], [89.792794, 22.2839441], [89.791131, 22.2845497], [89.7900313, 22.2849617], [89.788937, 22.2853588], [89.7881538, 22.2856268], [89.7872257, 22.2859445], [89.7864157, 22.286282], [89.7855574, 22.2865898], [89.7849727, 22.2868578], [89.7844577, 22.2871358], [89.7840607, 22.287379], [89.7835135, 22.2877513], [89.7827947, 22.2883568], [89.7819847, 22.2892255], [89.7811854, 22.2902678], [89.7808099, 22.2906997], [89.7804397, 22.2911662], [89.7800159, 22.2916874], [89.7794634, 22.2924369], [89.7788787, 22.2931814], [89.7782993, 22.2939458], [89.777838, 22.2946109], [89.7773927, 22.2952114], [89.7771031, 22.2956879], [89.7768187, 22.2960751], [89.7765934, 22.2963977], [89.7764593, 22.2966359], [89.7762394, 22.2969834], [89.7761378, 22.2972909], [89.775997, 22.2974039], [89.7757996, 22.2976946], [89.775544, 22.2980991], [89.7751326, 22.298641], [89.7747667, 22.2991365], [89.774598, 22.2993815], [89.7742963, 22.299759], [89.7741055, 22.3000763], [89.7739987, 22.3002562], [89.7738859, 22.3004241], [89.7735776, 22.3009012], [89.7731277, 22.3015926], [89.7728276, 22.302114], [89.7725845, 22.3024914], [89.7723951, 22.3028396], [89.7723308, 22.3029713], [89.7722374, 22.3031082], [89.7721349, 22.3034253], [89.7720434, 22.3036141], [89.7715363, 22.304386], [89.7712358, 22.3048175], [89.7711078, 22.3050374], [89.7709163, 22.3052829], [89.770608, 22.3056483], [89.7703946, 22.3058466], [89.7702627, 22.3060165], [89.7698082, 22.3063068], [89.7693204, 22.3066177], [89.7689094, 22.3068909], [89.7684235, 22.3072001], [89.7677223, 22.3076088], [89.7670716, 22.3081087], [89.7662229, 22.3087658], [89.7656937, 22.3092177], [89.765529, 22.3094063], [89.7653056, 22.3096945], [89.7643005, 22.3106262], [89.7624211, 22.3118553], [89.7622179, 22.3120084], [89.7618995, 22.3123087], [89.7614655, 22.3127198], [89.7611637, 22.3133005], [89.7608868, 22.3138549], [89.7607049, 22.3145465], [89.760602, 22.3150973], [89.7605704, 22.3155401], [89.7605387, 22.3163525], [89.7605269, 22.3166087], [89.7605546, 22.3169819], [89.7606653, 22.3180011], [89.7608038, 22.3189782], [89.7609323, 22.3198381], [89.7610372, 22.3205517], [89.7612725, 22.3216276], [89.7613576, 22.3221051], [89.7614606, 22.3229258], [89.7615791, 22.3236878], [89.7617123, 22.324195], [89.7619682, 22.3255109], [89.7621784, 22.3263558], [89.7623549, 22.3269501], [89.7624675, 22.3272447], [89.7629223, 22.3278566], [89.7634602, 22.3285365], [89.7638117, 22.3290704], [89.7640148, 22.3295364], [89.7640674, 22.3299679], [89.7641473, 22.330658], [89.7641599, 22.3314229], [89.7641646, 22.3320889], [89.764164, 22.3327282], [89.7642581, 22.3335821], [89.7643786, 22.3343052], [89.7644218, 22.3351453], [89.7644958, 22.3360812], [89.7645459, 22.3362363], [89.764562, 22.3363673], [89.764581, 22.3367956], [89.764575, 22.3372526], [89.7645848, 22.3375087], [89.76454, 22.3378288], [89.7645317, 22.3380947], [89.7645036, 22.3384482], [89.7644416, 22.338842], [89.7643665, 22.3392471], [89.764211, 22.3400195], [89.7639756, 22.3407458], [89.76376, 22.3413348], [89.7633961, 22.3420245], [89.7630677, 22.3425935], [89.7627434, 22.3431569], [89.76251, 22.3435631], [89.7622232, 22.3439911], [89.7620036, 22.3443607], [89.7617247, 22.3448107], [89.7613687, 22.3452772], [89.7611373, 22.3456175], [89.7608944, 22.3459837], [89.7606779, 22.3462275], [89.7606504, 22.3462932], [89.7606075, 22.3463348], [89.7605505, 22.3463962], [89.7604291, 22.346514], [89.76033, 22.3466014], [89.7600295, 22.3468595], [89.7596553, 22.3471523], [89.7594407, 22.3472875], [89.7590719, 22.3475405], [89.7588775, 22.3477402], [89.7587447, 22.3480553], [89.7584819, 22.3485762], [89.7581747, 22.3489905], [89.7579212, 22.3494246], [89.7577657, 22.3498302], [89.757704, 22.3499659], [89.7576034, 22.3501602], [89.7575055, 22.3504318], [89.7573593, 22.3509441], [89.7573164, 22.3515208], [89.7572668, 22.3521571], [89.7572561, 22.3524337], [89.7572494, 22.3529484], [89.7572735, 22.3535438], [89.7573231, 22.3537757], [89.7574961, 22.3546861], [89.7577094, 22.3554266], [89.7579212, 22.356115], [89.7582002, 22.3568195], [89.7584, 22.3573441], [89.7585716, 22.357958], [89.7586173, 22.3580771], [89.7586998, 22.3582098], [89.7589109, 22.3583996], [89.7590733, 22.3585522], [89.7594541, 22.3588337], [89.7604626, 22.3594799], [89.7608221, 22.3597602], [89.7614979, 22.3600963], [89.762021, 22.3603754], [89.7625548, 22.3607103], [89.763574, 22.3611468], [89.7645142, 22.3614656], [89.7649325, 22.3615759], [89.7653416, 22.3617074], [89.7664225, 22.3620559], [89.767313, 22.3623039], [89.7677945, 22.3624404], [89.7682424, 22.3626227], [89.7690215, 22.3628174], [89.7697685, 22.3630382], [89.77071, 22.3632205], [89.7712491, 22.363321], [89.7717722, 22.3634227], [89.7726198, 22.3635963], [89.7728638, 22.363729], [89.7731012, 22.3639063], [89.7733104, 22.3641246], [89.7735116, 22.3644074], [89.7736028, 22.3646083], [89.7736779, 22.3649494], [89.7736846, 22.3652743], [89.7736511, 22.3656513], [89.7735572, 22.3662405], [89.7733855, 22.3666733], [89.7732863, 22.3668531], [89.7729912, 22.3672996], [89.7726841, 22.3678031], [89.7724588, 22.368319], [89.7722308, 22.3689329], [89.7718956, 22.3696572], [89.7715938, 22.3703232], [89.7714047, 22.3708924], [89.7711794, 22.3717891], [89.7710279, 22.3724612], [89.7709554, 22.372801], [89.7708267, 22.3729126], [89.7705397, 22.3736729], [89.7701253, 22.3744058], [89.7695687, 22.3750445], [89.7689304, 22.375631], [89.7682491, 22.3762275], [89.7675464, 22.3769071], [89.7668369, 22.3776165], [89.7662804, 22.3781733], [89.7656836, 22.3787239], [89.7649848, 22.3793787], [89.7643961, 22.3798883], [89.7640286, 22.3802715], [89.7634533, 22.38093], [89.7630429, 22.3814198], [89.7625937, 22.3819642], [89.7620679, 22.3826252], [89.7614564, 22.3834201], [89.7608435, 22.3841703], [89.7603071, 22.3847196], [89.7598672, 22.3851971], [89.759544, 22.3856323], [89.7593723, 22.3859969], [89.7591805, 22.3866789], [89.7590451, 22.3872617], [89.7588962, 22.387852], [89.7587581, 22.3884273], [89.7587849, 22.3891614], [89.7588775, 22.3898459], [89.7589526, 22.3902427], [89.7590411, 22.3908107], [89.7590578, 22.3910847], [89.7591001, 22.3913848], [89.7591296, 22.392063], [89.7591745, 22.392595], [89.7591645, 22.393055], [89.7591443, 22.393763], [89.7591376, 22.3941797], [89.7591095, 22.3945368], [89.759151, 22.395091], [89.7591993, 22.3952497], [89.7591938, 22.3953686], [89.7591752, 22.3954717], [89.7591604, 22.3955523], [89.7591296, 22.3961971], [89.7591081, 22.3968493], [89.7590062, 22.3972833], [89.7588104, 22.3979342], [89.758561, 22.3985939], [89.7584617, 22.3987439], [89.7576772, 22.3992051], [89.7572923, 22.3994097], [89.7570884, 22.3994891], [89.7568618, 22.3995461], [89.7564407, 22.3996565], [89.7557487, 22.3997991], [89.7554214, 22.3998201], [89.7545725, 22.3997371], [89.7541594, 22.3996701], [89.7536136, 22.3995697], [89.7532918, 22.3994432], [89.7531281, 22.3993403], [89.7529404, 22.3991208], [89.7525877, 22.3987067], [89.75218, 22.3981487], [89.7518206, 22.3976428], [89.7513954, 22.3970849], [89.7512667, 22.3968964], [89.7509851, 22.396481], [89.7508375, 22.3962628], [89.7504513, 22.3956788], [89.750053, 22.3949695], [89.7496828, 22.3943347], [89.7493623, 22.3937593], [89.7491021, 22.393241], [89.7489117, 22.3928839], [89.7486931, 22.3924437], [89.7484303, 22.3919043], [89.7481607, 22.3913525], [89.74793, 22.3909185], [89.747702, 22.3904424], [89.7474848, 22.3899935], [89.7473721, 22.3897554], [89.7471455, 22.389309], [89.7469577, 22.388911], [89.7467311, 22.3883939], [89.7465393, 22.3879289], [89.7463274, 22.3874601], [89.7461088, 22.3869641], [89.7458822, 22.3864024], [89.7456662, 22.3858481], [89.7454812, 22.3853459], [89.7453618, 22.3851103], [89.7452116, 22.3847928], [89.7451097, 22.3846142], [89.7449514, 22.3843997], [89.7448066, 22.3841914], [89.7445531, 22.3838925], [89.744191, 22.3835317], [89.7439429, 22.3833271], [89.7437726, 22.3832068], [89.7435325, 22.3830753], [89.7432898, 22.3829799], [89.7429612, 22.3828496], [89.742815, 22.3828013], [89.742638, 22.3827889], [89.7424771, 22.3828087], [89.7422571, 22.3828658], [89.7419621, 22.3830034], [89.7418159, 22.3830952], [89.7416282, 22.3832316], [89.7414592, 22.3833543], [89.7411937, 22.383611], [89.7408155, 22.3839682], [89.7404064, 22.384401], [89.7402374, 22.3845808], [89.7400792, 22.3847445], [89.7398056, 22.3850755], [89.739579, 22.3853595], [89.7394006, 22.3855716], [89.7393215, 22.3856894], [89.7391981, 22.3858444], [89.7390439, 22.3860428], [89.738785, 22.3863999], [89.7385946, 22.3867384], [89.7383586, 22.3872382], [89.7382647, 22.3874391], [89.7380903, 22.3878582], [89.7379281, 22.3882525], [89.7378208, 22.3885811], [89.7376974, 22.3890374], [89.7375472, 22.3894541], [89.7374158, 22.3898087], [89.7373179, 22.3902378], [89.7372173, 22.3904771], [89.7370295, 22.390895], [89.7370054, 22.391019], [89.7369182, 22.391412], [89.7368686, 22.3918051], [89.7368579, 22.3919849], [89.7367948, 22.3924003], [89.7367465, 22.3925888], [89.7366258, 22.3929595], [89.7365896, 22.3930773], [89.7365065, 22.3933836], [89.7364327, 22.3935894], [89.7363348, 22.3938387], [89.7361149, 22.3941685], [89.7357519, 22.3951225], [89.7352151, 22.3962152], [89.7348904, 22.3968408], [89.734534, 22.3975665], [89.7342231, 22.397988], [89.734128, 22.398117], [89.733095, 22.3987968], [89.7327687, 22.3990033], [89.7317372, 22.3996559], [89.7307358, 22.4004108], [89.7293961, 22.4013033], [89.7287149, 22.4017621], [89.728124, 22.4022041], [89.7272444, 22.4026545], [89.7263106, 22.4031133], [89.7249708, 22.4037722], [89.7239784, 22.4041392], [89.722747, 22.4045646], [89.7215425, 22.4048649], [89.7205366, 22.405161], [89.7197472, 22.4053778], [89.7187683, 22.4056614], [89.717794, 22.4059283], [89.7167158, 22.4062378], [89.7159004, 22.4064064], [89.7147632, 22.4067635], [89.7130573, 22.407557], [89.7121453, 22.4081819], [89.711287, 22.4088861], [89.7107291, 22.4094217], [89.709903, 22.4106913], [89.7093096, 22.4121118], [89.709034, 22.41328], [89.7088482, 22.4133629], [89.7087228, 22.4134189], [89.7074246, 22.4130717], [89.7060299, 22.4123675], [89.7053168, 22.4121629], [89.7045708, 22.4120204], [89.7030473, 22.4118518], [89.7016847, 22.4116732], [89.700011, 22.4114649], [89.6986578, 22.411222], [89.698291, 22.4111361], [89.6968749, 22.4108047], [89.6959532, 22.4104505], [89.6953311, 22.4101454], [89.6948797, 22.4097982], [89.6946976, 22.4093354], [89.6944359, 22.4088128], [89.6943828, 22.4084061], [89.6943638, 22.4080028], [89.6943069, 22.4075714], [89.6942007, 22.4072172], [89.693958, 22.4066562], [89.6936649, 22.4063419], [89.6932626, 22.4059055], [89.6929192, 22.4055584], [89.6926114, 22.4053271], [89.69178, 22.4047926], [89.6914118, 22.4045069], [89.6910732, 22.4041968], [89.6905495, 22.4037932], [89.6894921, 22.4031286], [89.6885551, 22.4026217], [89.6874866, 22.4020321], [89.6863425, 22.4016131], [89.6856125, 22.4013804], [89.6845356, 22.4012769], [89.6836265, 22.4011994], [89.6829887, 22.4012123], [89.682351, 22.4013364], [89.6818195, 22.4014683], [89.6810363, 22.4019623], [89.6806447, 22.4022984], [89.680309, 22.4026501], [89.6800377, 22.4031208], [89.6798699, 22.4039225], [89.6797888, 22.4049465], [89.6798195, 22.4058051], [89.6798279, 22.4064697], [89.6797916, 22.4072998], [89.6797328, 22.4078041], [89.6795706, 22.4084635], [89.6794951, 22.4086807], [89.6793748, 22.4088695], [89.6788349, 22.4094591], [89.6785692, 22.4096866], [89.6780294, 22.4099607], [89.6770252, 22.4103331], [89.675856, 22.4108451], [89.6756266, 22.4109124], [89.6753777, 22.4109046], [89.675056, 22.4108037], [89.6746392, 22.4106538], [89.6743819, 22.4105271], [89.6733497, 22.4096039], [89.6731343, 22.4093634], [89.6730196, 22.4091539], [89.6729749, 22.4089393], [89.6729861, 22.4086859], [89.6730364, 22.4083471], [89.6731677, 22.4075203], [89.6733181, 22.4065658], [89.6734921, 22.4058124], [89.6736108, 22.4052419], [89.6736385, 22.4047665], [89.6735989, 22.4043715], [89.6734407, 22.4038741], [89.6730411, 22.4033329], [89.6726535, 22.4029342], [89.6722223, 22.4026782], [89.6716448, 22.4025319], [89.670929, 22.4024343], [89.6704552, 22.4024724], [89.6699128, 22.4026092], [89.6695714, 22.4028056], [89.6690555, 22.4031282], [89.6684941, 22.4035596], [89.6679631, 22.4040716], [89.6674737, 22.4044994], [89.6668061, 22.405029], [89.6661082, 22.4053867], [89.6654361, 22.4056844], [89.6652912, 22.4057506], [89.6651333, 22.4057518], [89.6648759, 22.4057272], [89.6646385, 22.405676], [89.6645376, 22.4056138], [89.6644467, 22.4055133], [89.6643023, 22.4053944], [89.6639364, 22.4051896], [89.6634617, 22.4048678], [89.6628782, 22.4045423], [89.6623896, 22.4042735], [89.6621068, 22.4041217], [89.661911, 22.4039681], [89.6616341, 22.4037029], [89.6614541, 22.4034378], [89.6612207, 22.4030081], [89.6609873, 22.4024321], [89.6608429, 22.4021011], [89.6607164, 22.4017536], [89.6606788, 22.4014208], [89.6606768, 22.400918], [89.6606748, 22.4003895], [89.6606758, 22.4002706], [89.6606768, 22.4001518], [89.6606867, 22.3999981], [89.6607361, 22.3995849], [89.66075, 22.3991551], [89.6607342, 22.3987547], [89.6606946, 22.3984017], [89.6606313, 22.3980086], [89.6606076, 22.3975496], [89.6605779, 22.3971729], [89.6605146, 22.3969516], [89.6603959, 22.3967358], [89.6602575, 22.3965877], [89.6601744, 22.3963975], [89.6600834, 22.3962548], [89.659941, 22.3961506], [89.6597848, 22.3961012], [89.659589, 22.3960756], [89.659406, 22.3960135], [89.6593446, 22.3960135], [89.658661, 22.3962562], [89.6581771, 22.3965692], [89.6578135, 22.3968821], [89.6576121, 22.3971355], [89.6573547, 22.3974924], [89.6570554, 22.3978467], [89.6567421, 22.3981596], [89.6562974, 22.3987467], [89.656082, 22.3991217], [89.6558359, 22.399582], [89.6556239, 22.3997362], [89.6555021, 22.3997258], [89.6545464, 22.3992769], [89.653724, 22.3988501], [89.6528653, 22.3984286], [89.6519422, 22.3980045], [89.6514667, 22.397764], [89.6509716, 22.3975622], [89.6504122, 22.3972597], [89.6498527, 22.3969312], [89.6495087, 22.3967683], [89.6489269, 22.3963054], [89.6484122, 22.3957131], [89.6479255, 22.3951881], [89.6476458, 22.3946243], [89.6473269, 22.3938614], [89.6471087, 22.3932226], [89.6467926, 22.3926019], [89.6465353, 22.3921312], [89.646387, 22.3917433], [89.6461157, 22.3912364], [89.6458919, 22.39052], [89.6456626, 22.3898682], [89.6454108, 22.3893743], [89.6452206, 22.3889294], [89.6450668, 22.3885699], [89.6450192, 22.3883216], [89.6450276, 22.3880294], [89.6450836, 22.3876621], [89.6451731, 22.387313], [89.645285, 22.3870104], [89.6455479, 22.3864258], [89.6457605, 22.386012], [89.6460402, 22.3856525], [89.6463675, 22.3852749], [89.6466332, 22.3848999], [89.6468178, 22.3845714], [89.6469241, 22.3843297], [89.6469717, 22.384124], [89.6469968, 22.3836713], [89.6469521, 22.3833713], [89.64698, 22.3829937], [89.6471031, 22.3824014], [89.647229, 22.382104], [89.6472458, 22.3817445], [89.6473716, 22.3811858], [89.6475143, 22.3808159], [89.6476458, 22.3802029], [89.6477325, 22.379727], [89.6478388, 22.3795046], [89.6478919, 22.3790907], [89.6479059, 22.3787545], [89.6479737, 22.3786215], [89.6479618, 22.3785139], [89.6479227, 22.3780432], [89.64778, 22.3773448], [89.6477157, 22.3768586], [89.6476234, 22.3764577], [89.6474472, 22.3759041], [89.6472849, 22.3755191], [89.6469828, 22.3752601], [89.6467703, 22.3749212], [89.6466192, 22.3745565], [89.6465017, 22.3741272], [89.6463367, 22.373778], [89.6460961, 22.3733512], [89.6459815, 22.3728675], [89.6458864, 22.372495], [89.6457633, 22.3721976], [89.645667, 22.3720973], [89.6455619, 22.3720527], [89.6453465, 22.371807], [89.6451479, 22.3713854], [89.645008, 22.3710232], [89.6450052, 22.3706249], [89.6449297, 22.3702679], [89.6448066, 22.3699446], [89.6445857, 22.3697558], [89.6443479, 22.3695204], [89.6440626, 22.3691298], [89.6438668, 22.3688763], [89.6437018, 22.3686461], [89.6435787, 22.3683253], [89.6434724, 22.3679347], [89.6434276, 22.3675519], [89.6434735, 22.3674177], [89.6431644, 22.3673337], [89.6427937, 22.3672399], [89.6426087, 22.3672272], [89.6423159, 22.3672648], [89.6419526, 22.3672247], [89.6414592, 22.3671144], [89.6409956, 22.3669314], [89.6407951, 22.36687], [89.6405525, 22.3667802], [89.6399682, 22.3664676], [89.6394253, 22.3660947], [89.6390053, 22.3658334], [89.6386391, 22.3654528], [89.6383068, 22.3650883], [89.6382102, 22.3650164], [89.6380788, 22.3649692], [89.6379399, 22.3648771], [89.6378139, 22.3647268], [89.6377444, 22.3646277], [89.6370864, 22.3634574], [89.6369013, 22.3631287], [89.6364122, 22.3620655], [89.6362831, 22.3613601], [89.6362133, 22.3610736], [89.6358633, 22.3611394], [89.6354409, 22.3605062], [89.6356434, 22.3603406], [89.6356957, 22.3604481], [89.6357933, 22.3607715], [89.6358963, 22.3609696], [89.6361972, 22.3609094], [89.6362027, 22.3605108], [89.6360671, 22.3599241], [89.6360509, 22.3595129], [89.6361403, 22.3586806], [89.6360996, 22.3578783], [89.636, 22.3571211], [89.6360141, 22.3564747], [89.6360806, 22.3554018], [89.6359833, 22.3533236], [89.6359223, 22.3530991], [89.6356313, 22.3525801], [89.6355964, 22.3525404], [89.635359, 22.3524269], [89.6347234, 22.3522712], [89.6298694, 22.3506612], [89.6241259, 22.3487561], [89.623332, 22.3511971], [89.6226016, 22.3531342], [89.6224516, 22.3535321], [89.620735, 22.3576797], [89.618675, 22.3638711], [89.6168837, 22.3682037], [89.6164435, 22.3692685], [89.6157568, 22.3767292], [89.6158737, 22.3825674], [89.6159285, 22.3853007], [89.6148555, 22.3892936], [89.6132409, 22.393212], [89.610607, 22.398633], [89.6097487, 22.4010285], [89.6077531, 22.4042274], [89.6053429, 22.4079063], [89.6038907, 22.4099407], [89.6001356, 22.4157726], [89.5956724, 22.4246591], [89.5918959, 22.4314822], [89.5896643, 22.4367183], [89.5882159, 22.4380768], [89.5878511, 22.4380769], [89.5876043, 22.4359249], [89.5857161, 22.4338622], [89.5847248, 22.433862], [89.5837216, 22.4340501], [89.5828511, 22.434778], [89.582508, 22.4356943], [89.5824451, 22.4373945], [89.582502, 22.4390615], [89.5826579, 22.4418141], [89.5826262, 22.4451273], [89.5819181, 22.4480674], [89.5816967, 22.4485933], [89.5814305, 22.4489274], [89.5809762, 22.4489998], [89.580519, 22.4488983], [89.5801264, 22.4484987], [89.5788549, 22.4461041], [89.5777231, 22.4426087], [89.5770257, 22.4400106], [89.576103, 22.4371943], [89.5749014, 22.4359249], [89.5730131, 22.4362423], [89.5713186, 22.4371217], [89.5712858, 22.4378686], [89.5709532, 22.4397329], [89.570471, 22.4412668], [89.5696658, 22.4416171], [89.5688939, 22.4417626], [89.5679598, 22.4415972], [89.565224, 22.4403873], [89.5618551, 22.4386222], [89.5587652, 22.4390982], [89.556362, 22.4392569], [89.5534437, 22.4392569], [89.5513838, 22.4394156], [89.5503538, 22.4406849], [89.5505255, 22.4424301], [89.5496672, 22.4443341], [89.5482939, 22.4460793], [89.5470277, 22.4479561], [89.5467133, 22.4484323], [89.5461757, 22.4492468], [89.5454928, 22.4506939], [89.5448567, 22.4520442], [89.5443469, 22.4535209], [89.5438157, 22.4553112], [89.5435658, 22.4569852], [89.5433965, 22.4579483], [89.5431651, 22.4591325], [89.5421141, 22.4609922], [89.5416909, 22.4619309], [89.5414489, 22.4629057], [89.5413827, 22.4640224], [89.5409339, 22.4648391], [89.5406424, 22.4651085], [89.5401422, 22.465335], [89.5392926, 22.4655202], [89.5385092, 22.4657513], [89.5372613, 22.4665137], [89.5371885, 22.4670121], [89.5375652, 22.4678228], [89.5378225, 22.4682894], [89.5393675, 22.4686066], [89.5410841, 22.4686066], [89.5422857, 22.4690825], [89.5422857, 22.4703516], [89.5403975, 22.4724137], [89.5390242, 22.4744758], [89.5371359, 22.4760621], [89.5357626, 22.477331], [89.534561, 22.4789172], [89.535076, 22.4805034], [89.5359343, 22.4820896], [89.5364492, 22.4828826], [89.5364492, 22.4838343], [89.535076, 22.4849446], [89.5337027, 22.4854204], [89.5309561, 22.4849446], [89.5266646, 22.4833585], [89.5222014, 22.4825654], [89.5189398, 22.4825654], [89.5161932, 22.4822482], [89.5136183, 22.481931], [89.5124167, 22.480662], [89.5124167, 22.4776483], [89.5136183, 22.4744758], [89.5144766, 22.4724137], [89.5136183, 22.469717], [89.5113867, 22.4693998], [89.5091551, 22.4693998], [89.5084684, 22.4717792], [89.5074385, 22.4751103], [89.5057219, 22.4793931], [89.5038336, 22.482724], [89.501087, 22.4855791], [89.4990271, 22.4870065], [89.4957655, 22.4871652], [89.4926756, 22.4881168], [89.4902723, 22.4901787], [89.4892424, 22.493668], [89.489414, 22.4954126], [89.489414, 22.4971572], [89.4873541, 22.4984259], [89.4856375, 22.4996947], [89.4839209, 22.5009635], [89.4835775, 22.5017564], [89.4828909, 22.5015978], [89.4820326, 22.4993775], [89.4823759, 22.494461], [89.4828057, 22.492515], [89.4827407, 22.4906545], [89.4828909, 22.487641], [89.4849508, 22.4831999], [89.4856375, 22.4805034], [89.4851231, 22.4789934], [89.4841247, 22.4779655], [89.479286, 22.4768552], [89.4748228, 22.4768552], [89.4708746, 22.4762207], [89.4679564, 22.4751103], [89.4653814, 22.472731], [89.4628065, 22.4711447], [89.4609182, 22.4693998], [89.4628065, 22.4682894], [89.4638365, 22.4678135], [89.4669264, 22.4649581], [89.468643, 22.4625786], [89.4679564, 22.4595644], [89.4698446, 22.460199], [89.4719046, 22.4606749], [89.4737928, 22.4606749], [89.4749945, 22.4606749], [89.4758528, 22.461944], [89.4756811, 22.4643236], [89.4767111, 22.4649581], [89.4768828, 22.4643236], [89.4765394, 22.4622613], [89.4761961, 22.4598817], [89.4760244, 22.4587712], [89.4751661, 22.4565502], [89.4741362, 22.4554397], [89.4751661, 22.4543292], [89.4765394, 22.4536946], [89.4777411, 22.4538532], [89.4773977, 22.45306], [89.4736212, 22.4535359], [89.4729345, 22.455281], [89.4739645, 22.4567088], [89.4748228, 22.457978], [89.4749945, 22.4594058], [89.4731062, 22.4597231], [89.470188, 22.4594058], [89.4672697, 22.4576607], [89.4645231, 22.4551224], [89.4624632, 22.4529013], [89.4602316, 22.4500456], [89.4583433, 22.4471899], [89.457485, 22.4432234], [89.4561117, 22.4392569], [89.4550818, 22.4365596], [89.4559401, 22.4351316], [89.458515, 22.4340209], [89.4616049, 22.4330689], [89.4636648, 22.4311648], [89.4636648, 22.4289434], [89.4628065, 22.4259285], [89.4605749, 22.4246591], [89.4592016, 22.424183], [89.4561117, 22.4243417], [89.4526785, 22.4249764], [89.4535368, 22.4224375], [89.4557684, 22.418153], [89.4580108, 22.4145428], [89.4598186, 22.4125095], [89.4616827, 22.410754], [89.4624096, 22.4104069], [89.4628696, 22.4106976], [89.4632866, 22.4107106], [89.4639062, 22.4105978], [89.46433, 22.410392], [89.4649631, 22.4099407], [89.4678062, 22.4088], [89.4704562, 22.4081751], [89.4710463, 22.408562], [89.4708531, 22.4089091], [89.4693189, 22.410506], [89.4683802, 22.4115524], [89.4679564, 22.4124401], [89.4674521, 22.4135807], [89.467098, 22.4138981], [89.4665079, 22.4142551], [89.4659929, 22.4145577], [89.463933, 22.4150387], [89.4635669, 22.4153431], [89.4634583, 22.4159053], [89.4635951, 22.4162562], [89.4639545, 22.4166802], [89.4642871, 22.4169529], [89.4650381, 22.4162487], [89.4665831, 22.4148205], [89.4682997, 22.413551], [89.4688415, 22.4130005], [89.469276, 22.4119343], [89.4699519, 22.4111705], [89.4723981, 22.4088893], [89.4726127, 22.4072031], [89.4722264, 22.4069055], [89.4713145, 22.4067171], [89.4703596, 22.4066477], [89.4677847, 22.4078379], [89.4642335, 22.4087306], [89.4636004, 22.4084231], [89.4640081, 22.4078329], [89.4642013, 22.4050011], [89.4648718, 22.4050358], [89.4648128, 22.4044555], [89.4682675, 22.4043266], [89.4714647, 22.4042175], [89.4741362, 22.404029], [89.4748778, 22.4040612], [89.4753191, 22.4039348], [89.4756436, 22.4037414], [89.4761854, 22.4034735], [89.4773977, 22.4026007], [89.4737821, 22.4028288], [89.4713896, 22.4033942], [89.4684714, 22.4032653], [89.4660681, 22.4034835], [89.4645875, 22.4029181], [89.4638204, 22.4021246], [89.4622352, 22.4015592], [89.4607573, 22.4015096], [89.4581717, 22.4022833], [89.4567394, 22.4033298], [89.4555216, 22.4044159], [89.4538479, 22.4074312], [89.4524317, 22.4091273], [89.4506561, 22.4101936], [89.4492131, 22.4106251], [89.4489482, 22.4105871], [89.4470566, 22.4137457], [89.4461104, 22.4153257], [89.4458932, 22.4157497], [89.4457456, 22.4159827], [89.4456705, 22.4161687], [89.4455874, 22.4163571], [89.4454908, 22.4165753], [89.4453701, 22.4167241], [89.4452521, 22.4168134], [89.4451368, 22.4168555], [89.445, 22.4169225], [89.44489, 22.4169745], [89.4447023, 22.4170737], [89.4445869, 22.4172002], [89.4444475, 22.4173787], [89.4442999, 22.4175771], [89.444139, 22.4178449], [89.4440129, 22.4180631], [89.4438842, 22.4182887], [89.4437581, 22.4184598], [89.443675, 22.4185813], [89.443624, 22.4186631], [89.4435999, 22.4187561], [89.4435905, 22.4188342], [89.4435932, 22.4189185], [89.4435972, 22.4190623], [89.4435918, 22.4191367], [89.4435489, 22.4192259], [89.4434363, 22.4193226], [89.4433102, 22.4194193], [89.4430312, 22.4195656], [89.4427013, 22.4197367], [89.4424224, 22.4199202], [89.4421086, 22.4201409], [89.4418457, 22.4203219], [89.4416124, 22.4204706], [89.4414461, 22.4205946], [89.4412744, 22.420726], [89.4410786, 22.4208599], [89.4408104, 22.4210434], [89.4405475, 22.4212591], [89.4403598, 22.4214426], [89.4402122, 22.4215715], [89.4400084, 22.4217004], [89.4398823, 22.4217971], [89.4397858, 22.421869], [89.4396678, 22.4220277], [89.4395739, 22.4222534], [89.4395471, 22.4223748], [89.4394854, 22.4225013], [89.4393164, 22.4226649], [89.4391367, 22.4228087], [89.4389114, 22.4230245], [89.4387424, 22.4231608], [89.4385976, 22.4232947], [89.4385251, 22.4234088], [89.4384178, 22.4235426], [89.4383025, 22.4236939], [89.4381791, 22.4238947], [89.4380799, 22.424046], [89.4379565, 22.4242567], [89.4379002, 22.4243732], [89.4377151, 22.4247253], [89.437581, 22.4249956], [89.4374415, 22.4252832], [89.4373181, 22.4256328], [89.4372109, 22.425846], [89.4371089, 22.4260146], [89.4369587, 22.4262154], [89.4368139, 22.4263667], [89.4367093, 22.4265105], [89.4366208, 22.4266047], [89.4365725, 22.4267113], [89.4365483, 22.4268105], [89.436492, 22.4270435], [89.4364652, 22.4271898], [89.4364277, 22.427351], [89.4363847, 22.4274873], [89.4363096, 22.4276361], [89.4362828, 22.4277278], [89.4362345, 22.4279807], [89.4361836, 22.4282361], [89.4361407, 22.4285212], [89.4360843, 22.4289253], [89.4360334, 22.4292427], [89.4360146, 22.4294757], [89.4359905, 22.4297683], [89.4359744, 22.4300137], [89.4359985, 22.4302344], [89.4360334, 22.4304203], [89.4360521, 22.4305889], [89.4360468, 22.4307625], [89.436028, 22.4309112], [89.4359529, 22.4311567], [89.4358832, 22.4314319], [89.4358, 22.4316823], [89.4357115, 22.4318831], [89.4356391, 22.432074], [89.4356042, 22.4322302], [89.4355693, 22.4323889], [89.435505, 22.4329021], [89.4354084, 22.4335145], [89.435336, 22.433931], [89.4352502, 22.4343995], [89.4351751, 22.4347342], [89.4351268, 22.4349772], [89.4350731, 22.4351507], [89.4350088, 22.4353516], [89.4349578, 22.4356615], [89.4348934, 22.4360036], [89.4348237, 22.4363978], [89.4347888, 22.4368143], [89.4347513, 22.4372308], [89.4347325, 22.4375431], [89.4346976, 22.4378208], [89.4346654, 22.4380762], [89.4346359, 22.4382894], [89.4346091, 22.4384505], [89.4345903, 22.4385745], [89.434534, 22.4387554], [89.4344428, 22.438924], [89.4343892, 22.439105], [89.4343758, 22.439338], [89.4343865, 22.4395934], [89.4344455, 22.4399727], [89.4345099, 22.4402875], [89.4345474, 22.4405181], [89.434593, 22.4407958], [89.4346198, 22.4410461], [89.4346252, 22.4412346], [89.4346252, 22.441356], [89.4346359, 22.4414577], [89.4346681, 22.4416312], [89.4347084, 22.4418023], [89.4347486, 22.4420229], [89.4347915, 22.4422485], [89.4348264, 22.442546], [89.4348666, 22.4428137], [89.4349015, 22.4430716], [89.4349363, 22.4433343], [89.4349578, 22.4435252], [89.4349685, 22.443669], [89.4350329, 22.4441475], [89.435057, 22.4444896], [89.4350839, 22.4448019], [89.4351268, 22.4452878], [89.4351456, 22.4457068], [89.4351643, 22.4458952], [89.4351858, 22.4460836], [89.4352046, 22.4462274], [89.4352207, 22.4464009], [89.4352716, 22.4465893], [89.4353145, 22.4467777], [89.4353494, 22.4469636], [89.4353843, 22.4472264], [89.4354165, 22.4474272], [89.4354513, 22.4476057], [89.4354916, 22.4478164], [89.4355372, 22.4480271], [89.4355747, 22.4482304], [89.435623, 22.4484411], [89.43569, 22.4486964], [89.4357598, 22.4489691], [89.4357893, 22.4491079], [89.4358, 22.4492691], [89.4357973, 22.4494004], [89.4357839, 22.4495417], [89.4357893, 22.4497252], [89.4357946, 22.4499309], [89.4358, 22.4501962], [89.4358215, 22.4504664], [89.4358698, 22.4507539], [89.4359046, 22.4510316], [89.4359314, 22.451277], [89.4359583, 22.4515323], [89.4359878, 22.4517579], [89.436028, 22.451981], [89.4360682, 22.4522239], [89.4360897, 22.452395], [89.4360977, 22.4525809], [89.436087, 22.4527569], [89.4360682, 22.4528957], [89.436036, 22.4530296], [89.436028, 22.4531907], [89.4360173, 22.4533865], [89.4360307, 22.453627], [89.43602, 22.4538253], [89.4360146, 22.4539889], [89.4360173, 22.454155], [89.4360307, 22.4543211], [89.4360602, 22.4544822], [89.4360843, 22.4546631], [89.436079, 22.4548763], [89.4360682, 22.4550077], [89.4360656, 22.455201], [89.4361031, 22.4553002], [89.4362023, 22.455377], [89.436433, 22.4554241], [89.4366315, 22.4554812], [89.4368005, 22.4555382], [89.436948, 22.4556076], [89.4369936, 22.4556745], [89.4369909, 22.4557414], [89.43694, 22.4558629], [89.4368139, 22.455967], [89.4365108, 22.4562248], [89.4362345, 22.4563636], [89.43602, 22.4565371], [89.435969, 22.4566462], [89.4359905, 22.4568123], [89.4360468, 22.457023], [89.4360977, 22.4571841], [89.4361675, 22.4574369], [89.4362533, 22.4577121], [89.4363445, 22.4579327], [89.4364196, 22.4580839], [89.4364437, 22.4582302], [89.4364089, 22.4583219], [89.4362882, 22.4584037], [89.4361393, 22.4584669], [89.4359636, 22.4585673], [89.4358885, 22.4586268], [89.4358456, 22.4586862], [89.4358416, 22.4587284], [89.4358201, 22.4588821], [89.4358054, 22.4590221], [89.4357812, 22.4591609], [89.4357558, 22.4593134], [89.4357061, 22.4594658], [89.435686, 22.4596071], [89.4356967, 22.4596914], [89.4357169, 22.4597843], [89.4357343, 22.4598686], [89.4357437, 22.459995], [89.4357289, 22.4601041], [89.4356874, 22.4601797], [89.4356444, 22.4602367], [89.4355921, 22.4603173], [89.4355761, 22.4604164], [89.4355479, 22.460559], [89.4355144, 22.4606469], [89.4354889, 22.4607548], [89.4354775, 22.4608372], [89.4354755, 22.4609494], [89.4354728, 22.4610088], [89.4354674, 22.4610795], [89.4354621, 22.4611526], [89.4354326, 22.4612208], [89.435395, 22.4613026], [89.4353038, 22.4614724], [89.435226, 22.461636], [89.4351536, 22.461802], [89.4350892, 22.4620003], [89.4305241, 22.4616831], [89.4258813, 22.4614473], [89.4217345, 22.461512], [89.4174564, 22.4615542], [89.4175422, 22.460404], [89.4175637, 22.4591324], [89.4175771, 22.4582723], [89.417569, 22.4576873], [89.417569, 22.4575163], [89.4175449, 22.4573502], [89.4174939, 22.4572213], [89.4173974, 22.4571073], [89.4171962, 22.4569709], [89.4169629, 22.4568817], [89.4167054, 22.4568272], [89.4164184, 22.4567677], [89.4162306, 22.4566784], [89.4160911, 22.4565743], [89.4159222, 22.4564206], [89.4157693, 22.4562793], [89.4156057, 22.4561133], [89.4154018, 22.4559645], [89.4151416, 22.455796], [89.4149405, 22.4556919], [89.4148251, 22.4555877], [89.4147393, 22.4554638], [89.4146562, 22.4553126], [89.4145596, 22.4551713], [89.4144255, 22.4550325], [89.4142243, 22.4548119], [89.4140822, 22.4546507], [89.4139641, 22.4544971], [89.4137898, 22.4542715], [89.4135511, 22.4539269], [89.413307, 22.4535526], [89.4130737, 22.4532204], [89.4128644, 22.452918], [89.4126204, 22.4525933], [89.4124031, 22.4523107], [89.4121376, 22.4520132], [89.4118988, 22.4517579], [89.4116574, 22.4515199], [89.4114402, 22.4513439], [89.4112337, 22.4511803], [89.4110325, 22.4510514], [89.4107535, 22.4508754], [89.4103003, 22.4506151], [89.4097692, 22.4503251], [89.4093642, 22.4501144], [89.4089216, 22.4498863], [89.4084254, 22.4496359], [89.4080257, 22.4494426], [89.407559, 22.4492071], [89.4070521, 22.4489245], [89.4065693, 22.4486468], [89.406108, 22.4483915], [89.4056278, 22.448161], [89.4052255, 22.44798], [89.4048446, 22.4478263], [89.4044772, 22.4476924], [89.4041553, 22.4476007], [89.4038415, 22.447509], [89.4034392, 22.4474173], [89.4030395, 22.4473156], [89.4026855, 22.4472289], [89.4022992, 22.4471], [89.4019774, 22.4469711], [89.4017118, 22.4468297], [89.4014356, 22.4466761], [89.4012371, 22.4465347], [89.4009313, 22.4461877], [89.4007865, 22.446029], [89.4005826, 22.4457687], [89.4004431, 22.4455357], [89.4003305, 22.4452705], [89.4002125, 22.4449407], [89.4001347, 22.4447152], [89.4000328, 22.4444821], [89.3999121, 22.4441722], [89.399794, 22.4439764], [89.3996492, 22.4438103], [89.3994856, 22.4436591], [89.3993166, 22.4435574], [89.3991247, 22.4434741], [89.3989465, 22.4434037], [89.3987533, 22.4433542], [89.398461, 22.4433195], [89.3981713, 22.4433269], [89.3979031, 22.4433393], [89.3976402, 22.4433839], [89.3973747, 22.4434385], [89.3971875, 22.4435028], [89.3970555, 22.4435624], [89.3967658, 22.4437062], [89.3963769, 22.4438996], [89.3959907, 22.4440805], [89.3954918, 22.4442888], [89.3950573, 22.4444598], [89.3947146, 22.4445688], [89.3944082, 22.4446557], [89.3939549, 22.4447325], [89.393523, 22.4447846], [89.3930456, 22.4448292], [89.3926915, 22.4448366], [89.392316, 22.4448242], [89.3919083, 22.4447945], [89.3915328, 22.4447722], [89.3910903, 22.4447523], [89.3908408, 22.4447672], [89.3906477, 22.4448193], [89.3905002, 22.4449284], [89.3903822, 22.4451019], [89.390291, 22.4452779], [89.3902159, 22.4454837], [89.3901113, 22.445791], [89.3900335, 22.4460637], [89.3899691, 22.4463042], [89.3898833, 22.4466562], [89.3898189, 22.4469834], [89.3897492, 22.4473057], [89.3897009, 22.4475387], [89.3896311, 22.447856], [89.3895641, 22.4481337], [89.3894649, 22.4484188], [89.3893576, 22.4486716], [89.3892074, 22.4489592], [89.3890813, 22.449155], [89.3889445, 22.4493186], [89.3887567, 22.4494599], [89.3885556, 22.4496012], [89.3883732, 22.4497053], [89.3881211, 22.4497772], [89.3879199, 22.4498095], [89.3876946, 22.4498194], [89.3874666, 22.449802], [89.3872628, 22.4497648], [89.3870589, 22.4497029], [89.386847, 22.4496062], [89.3866566, 22.4494946], [89.3864876, 22.4493583], [89.3863106, 22.4491922], [89.3861389, 22.4489988], [89.3859726, 22.4487733], [89.3858117, 22.4485353], [89.3856159, 22.4482824], [89.3853852, 22.4480221], [89.3851626, 22.4477817], [89.3849587, 22.4476553], [89.384771, 22.447561], [89.3845162, 22.4474545], [89.3842936, 22.4473801], [89.3840709, 22.4473603], [89.3838805, 22.4473652], [89.3836445, 22.4474148], [89.3833467, 22.447509], [89.3830571, 22.4476181], [89.3828425, 22.4477445], [89.3826359, 22.4478957], [89.3824348, 22.4480742], [89.382239, 22.4482527], [89.3820459, 22.4484213], [89.3818527, 22.4486097], [89.3816596, 22.4488427], [89.3814585, 22.4490906], [89.3812761, 22.4493087], [89.3810669, 22.4496037], [89.3808523, 22.449926], [89.380686, 22.4501863], [89.3805036, 22.4505581], [89.3803668, 22.4508556], [89.3802139, 22.4511828], [89.3800798, 22.4514902], [89.3799618, 22.4517926], [89.3798894, 22.452043], [89.379766, 22.4524346], [89.3797016, 22.45269], [89.3796587, 22.4529081], [89.3796104, 22.4532304], [89.3795809, 22.4535154], [89.3795675, 22.453736], [89.379546, 22.4538773], [89.3795004, 22.4539889], [89.3793958, 22.4541847], [89.3792698, 22.4543434], [89.3791196, 22.4544822], [89.3789533, 22.4545987], [89.3787816, 22.4546755], [89.3786073, 22.4547226], [89.3784061, 22.4547449], [89.3782479, 22.4547325], [89.3781379, 22.4547127], [89.3779662, 22.4546582], [89.3777972, 22.4545813], [89.3775907, 22.4544524], [89.3774083, 22.4543037], [89.3771937, 22.4541426], [89.3768504, 22.4539046], [89.3765366, 22.4537038], [89.3763223, 22.4535894], [89.376094, 22.453503], [89.3758687, 22.4534386], [89.3755978, 22.4533692], [89.3752438, 22.4533196], [89.3749863, 22.4533221], [89.374769, 22.4533345], [89.3744954, 22.4533964], [89.3741441, 22.4534782], [89.3738115, 22.4536121], [89.3734413, 22.4537807], [89.3731222, 22.4539641], [89.3727735, 22.4541599], [89.3724087, 22.4543657], [89.3720922, 22.4545466], [89.371832, 22.4547201], [89.3716282, 22.454849], [89.3714163, 22.4549916], [89.3711063, 22.4552029], [89.3709603, 22.4553163], [89.3708618, 22.4553922], [89.3708364, 22.45541], [89.3705285, 22.45562], [89.3702757, 22.4558015], [89.3702435, 22.4558287], [89.3702285, 22.4558428], [89.3701798, 22.4559472], [89.3700162, 22.4562868], [89.3698955, 22.4565718], [89.3697157, 22.4569139], [89.3694985, 22.4572337], [89.3693279, 22.4574238], [89.3691552, 22.4576105], [89.3689197, 22.4578152], [89.3687072, 22.4579922], [89.3680474, 22.4566313], [89.3681279, 22.4565297], [89.3681802, 22.4564268], [89.3682003, 22.4563264], [89.3682298, 22.4561281], [89.3682352, 22.4557811], [89.3682432, 22.4553002], [89.3682486, 22.4551465], [89.3682352, 22.4550325], [89.3681842, 22.4549036], [89.3681064, 22.4547821], [89.3678382, 22.4543657], [89.3676424, 22.4540533], [89.3674386, 22.4537113], [89.3671918, 22.4532477], [89.3670416, 22.4529552], [89.3668941, 22.4526453], [89.3667278, 22.4522066], [89.3665454, 22.4516637], [89.366422, 22.4512423], [89.3662101, 22.4506424], [89.3659848, 22.4500003], [89.3657622, 22.4493682], [89.3655825, 22.4489121], [89.3654028, 22.4484807], [89.3652552, 22.4480271], [89.3651372, 22.4476032], [89.3650058, 22.4470628], [89.3649334, 22.4467901], [89.3648717, 22.446562], [89.3647966, 22.446324], [89.3646517, 22.4459224], [89.3644559, 22.4454018], [89.3643513, 22.4451341], [89.3642494, 22.4447548], [89.3641824, 22.4444573], [89.3641287, 22.4443185], [89.3640536, 22.4441995], [89.3639919, 22.444114], [89.3639208, 22.444026], [89.3638954, 22.4439863], [89.3638779, 22.4439318], [89.3638632, 22.44385], [89.3638283, 22.4435897], [89.3638068, 22.4435029], [89.3637532, 22.4433616], [89.3637049, 22.4432426], [89.3635654, 22.4429402], [89.3634555, 22.4426898], [89.3633884, 22.4424865], [89.3632972, 22.4421543], [89.3632168, 22.44178], [89.3631685, 22.4414502], [89.363139, 22.4411056], [89.3631256, 22.4407016], [89.3631738, 22.4402057], [89.3632328, 22.439762], [89.3633857, 22.4390306], [89.3635467, 22.4383489], [89.3637317, 22.4377316], [89.3638551, 22.4372952], [89.3639651, 22.436906], [89.3641287, 22.4363135], [89.3644667, 22.4352425], [89.3646732, 22.4345805], [89.3648288, 22.4340549], [89.3649387, 22.4335715], [89.3650058, 22.4332095], [89.3650326, 22.4328302], [89.3650326, 22.4323914], [89.3650138, 22.4320244], [89.3649495, 22.4315658], [89.3648797, 22.4312807], [89.3647805, 22.4310179], [89.3646383, 22.4307451], [89.3643916, 22.4303509], [89.3642119, 22.4301352], [89.3640777, 22.4299815], [89.3639517, 22.4298724], [89.363603, 22.4296195], [89.3631819, 22.4293195], [89.3627232, 22.4289824], [89.3623719, 22.4286774], [89.3621573, 22.4284791], [89.3620071, 22.4283179], [89.3618622, 22.4281419], [89.361645, 22.4278493], [89.3614706, 22.4276014], [89.3613124, 22.4273039], [89.3611246, 22.42687], [89.3609959, 22.4264187], [89.3608054, 22.4257245], [89.3606231, 22.4248047], [89.3604782, 22.4239418], [89.3603763, 22.4230666], [89.3603361, 22.4227567], [89.3603146, 22.4226129], [89.3602395, 22.4224244], [89.3601215, 22.4222137], [89.3599257, 22.4219261], [89.3596897, 22.4216707], [89.3592954, 22.4213112], [89.3588716, 22.4209665], [89.3583995, 22.4206144], [89.3579006, 22.4202276], [89.3575144, 22.4198632], [89.357222, 22.419578], [89.3569484, 22.4193028], [89.3567204, 22.4190474], [89.3565622, 22.4188788], [89.3564603, 22.4187895], [89.356361, 22.418678], [89.3562537, 22.4185118], [89.356184, 22.4183804], [89.3561169, 22.4182812], [89.3560338, 22.4181895], [89.3559372, 22.4181002], [89.3558702, 22.4180432], [89.3558219, 22.4179788], [89.3557897, 22.4178944], [89.3557683, 22.4177754], [89.3557709, 22.4174581], [89.3558058, 22.4170712], [89.3558836, 22.4167092], [89.3560097, 22.416258], [89.3561384, 22.4159307], [89.3562672, 22.4156306], [89.3564603, 22.4153133], [89.3566588, 22.4151174], [89.356986, 22.414919], [89.3573159, 22.4147826], [89.357745, 22.4146636], [89.3583164, 22.4145768], [89.3591988, 22.4144826], [89.3599257, 22.4143785], [89.3602046, 22.414309], [89.3605667, 22.4142099], [89.3609261, 22.4141107], [89.3611193, 22.4140586], [89.3612426, 22.4140214], [89.3613768, 22.4139545], [89.3614492, 22.4138801], [89.3615001, 22.4137487], [89.3615404, 22.413585], [89.3615645, 22.4134238], [89.3616155, 22.4132651], [89.3616879, 22.4131188], [89.3617415, 22.4129329], [89.3617576, 22.412789], [89.361763, 22.412608], [89.3617657, 22.4124543], [89.3617201, 22.4121196], [89.3616852, 22.4117898], [89.3616396, 22.4113211], [89.3616101, 22.4104309], [89.3615913, 22.4099821], [89.3615699, 22.4096722], [89.3615323, 22.4092605], [89.361527, 22.4089605], [89.3615538, 22.4086307], [89.361594, 22.4082935], [89.3617067, 22.4075272], [89.3619186, 22.4066098], [89.3620688, 22.4058336], [89.3621707, 22.4051616], [89.3622109, 22.4048888], [89.3622619, 22.4046309], [89.3623155, 22.4043408], [89.3624148, 22.4039044], [89.3625301, 22.4034208], [89.3626589, 22.4029298], [89.3628788, 22.4023099], [89.3630585, 22.4018685], [89.363206, 22.4015387], [89.363485, 22.4009187], [89.3636566, 22.400579], [89.3638283, 22.4002095], [89.3639785, 22.3998449], [89.3640751, 22.3995449], [89.3641341, 22.399282], [89.3642038, 22.3989497], [89.3642521, 22.3986968], [89.3643004, 22.398419], [89.3643755, 22.3979429], [89.3644372, 22.3974048], [89.3644935, 22.3969708], [89.3645579, 22.3965591], [89.3646356, 22.3961574], [89.3647456, 22.3958077], [89.3649039, 22.3953093], [89.3651882, 22.3945901], [89.3655758, 22.3937903], [89.3657742, 22.393308], [89.3660063, 22.3928182], [89.36619, 22.3923755], [89.3663187, 22.3919961], [89.366422, 22.3917109], [89.3664274, 22.3916427], [89.3664059, 22.3915931], [89.3663429, 22.3915596], [89.3662852, 22.3915497], [89.366135, 22.3915646], [89.3658936, 22.391634], [89.3656361, 22.3917456], [89.3653142, 22.3918919], [89.3650165, 22.3920779], [89.3646169, 22.3923383], [89.3642065, 22.3926285], [89.3638605, 22.3929186], [89.3634152, 22.3932832], [89.3630424, 22.3935808], [89.3625462, 22.3939676], [89.3620527, 22.3943247], [89.3614036, 22.394791], [89.3606123, 22.3953341], [89.3591666, 22.3962492], [89.3583029, 22.3966658], [89.3574607, 22.3969286], [89.3561089, 22.3972213], [89.3552291, 22.3973105], [89.354682, 22.3972163], [89.3540168, 22.3971469], [89.3538585, 22.3970874], [89.3536735, 22.3969088], [89.353314, 22.3963434], [89.3530109, 22.3960036], [89.3529146, 22.3957636], [89.3528527, 22.3956093], [89.3528312, 22.3953638], [89.3527347, 22.3945008], [89.3527105, 22.3933824], [89.3529171, 22.3917605], [89.3536735, 22.3882984], [89.3541992, 22.385357], [89.3545318, 22.382619], [89.3548107, 22.3797916], [89.3547034, 22.3776983], [89.3544245, 22.3760713], [89.3538988, 22.3743351], [89.3533838, 22.3731842], [89.3527615, 22.3721921], [89.3522572, 22.3715323], [89.3516725, 22.3709817], [89.3509805, 22.3706097], [89.3500793, 22.3702525], [89.3493605, 22.370059], [89.3486363, 22.3700045], [89.3478745, 22.370064], [89.3466729, 22.3703715], [89.3456161, 22.3707585], [89.3441892, 22.3715373], [89.343406, 22.3719763], [89.3430519, 22.3722169], [89.342899, 22.3723409], [89.3425664, 22.3724947], [89.3424457, 22.3726212], [89.342435, 22.3726758], [89.3424511, 22.3727502], [89.3427569, 22.3734769], [89.3429929, 22.3740424], [89.3431753, 22.3745682], [89.3433416, 22.3751635], [89.3435132, 22.3760465], [89.3436742, 22.3773461], [89.3438137, 22.380124], [89.3439048, 22.3810565], [89.3440604, 22.3817162], [89.3443662, 22.3825644], [89.3447792, 22.3833234], [89.3457234, 22.384742], [89.3467131, 22.3864216], [89.3467245, 22.3864507], [89.3467245, 22.3864774], [89.3467071, 22.3864985], [89.3466809, 22.3865171], [89.3464765, 22.3866197], [89.3462598, 22.3867285], [89.3462437, 22.3867322], [89.346223, 22.3867273], [89.3462008, 22.3867112], [89.3456483, 22.3857588], [89.3451011, 22.384985], [89.3442965, 22.3837847], [89.3439263, 22.3830704], [89.3434703, 22.3819791], [89.3432879, 22.3813045], [89.3431431, 22.3804315], [89.3430197, 22.3791368], [89.3429875, 22.3784969], [89.3429553, 22.377361], [89.342832, 22.376488], [89.3426388, 22.3754512], [89.3424511, 22.3744591], [89.342199, 22.3735563], [89.3420836, 22.3732785], [89.3418422, 22.3730106], [89.3417162, 22.3729288], [89.3414882, 22.3728097], [89.3411368, 22.3726832], [89.3409839, 22.3726584], [89.3405414, 22.3726485], [89.3392459, 22.3726485], [89.3382078, 22.3726138], [89.3372503, 22.3725418], [89.3369284, 22.3724798], [89.3359414, 22.372212], [89.3352681, 22.372021], [89.3349007, 22.3718994], [89.3341684, 22.3715671], [89.3336803, 22.3713612], [89.3334979, 22.3712372], [89.3331599, 22.3708552], [89.332822, 22.3703666], [89.3322507, 22.3695828], [89.3319395, 22.3688734], [89.3315881, 22.3683451], [89.3315265, 22.3682335], [89.331497, 22.3681839], [89.3314406, 22.3681293], [89.3313776, 22.3681094], [89.3313293, 22.3681144], [89.331281, 22.3681355], [89.3312368, 22.3681715], [89.3311724, 22.3682223], [89.3310651, 22.3682583], [89.3309176, 22.368293], [89.3307915, 22.3683153], [89.3306494, 22.3683699], [89.3304831, 22.3684344], [89.3303034, 22.3684691], [89.3300673, 22.3685088], [89.3298876, 22.3684964], [89.3296355, 22.3684468], [89.3294799, 22.3683996], [89.3293217, 22.36836], [89.3290561, 22.3682583], [89.3287906, 22.3681739], [89.3286163, 22.3681615], [89.3283695, 22.368169], [89.3281603, 22.3681392], [89.3279886, 22.3680698], [89.3279242, 22.3680003], [89.3278921, 22.3678912], [89.3278062, 22.367276], [89.3278331, 22.3669536], [89.327817, 22.3668494], [89.3277043, 22.3667551], [89.3275326, 22.3667353], [89.3274093, 22.3667688], [89.3272644, 22.3669139], [89.3272135, 22.3670627], [89.3272242, 22.3671768], [89.3274361, 22.3673752], [89.3275702, 22.3676134], [89.327589, 22.3677448], [89.3275702, 22.3678217], [89.3273878, 22.3680276], [89.3272644, 22.3681119], [89.3272161, 22.3681194], [89.3271491, 22.3681094], [89.3267924, 22.3679358], [89.326508, 22.3677622], [89.3263498, 22.3675265], [89.3263096, 22.3674001], [89.3263096, 22.3671917], [89.3264812, 22.3667055], [89.3270981, 22.365758], [89.3271303, 22.3655397], [89.327082, 22.3650288], [89.3270512, 22.3649481], [89.3269372, 22.3648229], [89.326905, 22.3647782], [89.3268903, 22.3646989], [89.326905, 22.3646195], [89.3269533, 22.36456], [89.3274897, 22.3642821], [89.3277445, 22.3641408], [89.3281952, 22.3639026], [89.3283024, 22.3638282], [89.3283802, 22.3638059], [89.3284741, 22.3638084], [89.328804, 22.3639398], [89.3289167, 22.3640415], [89.3290508, 22.3643392], [89.3291688, 22.3651081], [89.329142, 22.3654604], [89.3290427, 22.365825], [89.3290213, 22.3659862], [89.3290374, 22.3660532], [89.3292063, 22.366202], [89.3292841, 22.3662343], [89.329378, 22.3662094], [89.3299466, 22.3658324], [89.3305314, 22.3654554], [89.3307352, 22.3653859], [89.3310088, 22.3653165], [89.3310678, 22.3652346], [89.3310785, 22.3651156], [89.3310115, 22.3646517], [89.3308961, 22.3640242], [89.3304804, 22.362072], [89.3302363, 22.3606879], [89.3300754, 22.3591872], [89.330003, 22.3585174], [89.3299332, 22.3574433], [89.3298796, 22.35691], [89.3298098, 22.3561311], [89.3298018, 22.3550074], [89.3297964, 22.354355], [89.3298554, 22.3532288], [89.3298501, 22.3524399], [89.3298447, 22.3517925], [89.3299198, 22.3511301], [89.3300405, 22.3502122], [89.3302122, 22.3494705], [89.3303221, 22.3490314], [89.3305072, 22.3484658], [89.3306344, 22.3481752], [89.3308076, 22.3478208], [89.3308439, 22.3477384], [89.3308472, 22.3477296], [89.3309176, 22.3475727], [89.3309605, 22.3474115], [89.3310276, 22.3471833], [89.3310732, 22.3468707], [89.3311737, 22.3465854], [89.3312864, 22.3464117], [89.3313414, 22.3462753], [89.331389, 22.3460365], [89.3313937, 22.3459925], [89.3313883, 22.3459584], [89.3313628, 22.3459354], [89.3313226, 22.3459193], [89.3312616, 22.3459174], [89.3311925, 22.3459286], [89.3311181, 22.3459249], [89.3310718, 22.3459057], [89.3310591, 22.3458815], [89.3310551, 22.3458579], [89.3310604, 22.3458393], [89.3310785, 22.3458176], [89.3311107, 22.3457903], [89.3311791, 22.3457581], [89.3312716, 22.3457308], [89.3313441, 22.3457171], [89.331391, 22.3456998], [89.3314098, 22.3456774], [89.3314178, 22.3456539], [89.3314339, 22.3455869], [89.3314433, 22.3455038], [89.331454, 22.3451738], [89.3314514, 22.3448538], [89.3314326, 22.3446653], [89.3313897, 22.3444494], [89.3312824, 22.3441418], [89.3311, 22.3438565], [89.3306494, 22.3432562], [89.3300486, 22.3425789], [89.3296623, 22.3421522], [89.3293217, 22.3417949], [89.328863, 22.3413856], [89.3284607, 22.3409465], [89.3281335, 22.3405222], [89.3275568, 22.3396763], [89.3273529, 22.3392272], [89.3272054, 22.3388849], [89.3270874, 22.3385499], [89.3269855, 22.3381877], [89.3269157, 22.3379545], [89.3268326, 22.3377486], [89.3267146, 22.3374831], [89.3266636, 22.3372673], [89.3266502, 22.3370266], [89.3266824, 22.336652], [89.3267387, 22.3363196], [89.3268219, 22.3360913], [89.3269238, 22.3358556], [89.3270472, 22.335615], [89.3272752, 22.3353793], [89.327487, 22.3351957], [89.3277553, 22.3350344], [89.3280959, 22.3348781], [89.3289596, 22.334635], [89.3314192, 22.3339726], [89.3326664, 22.3336947], [89.3348122, 22.3333449], [89.335295, 22.3332754], [89.3355525, 22.3332283], [89.3357992, 22.3331861], [89.3361694, 22.333134], [89.3369794, 22.3330074], [89.3377572, 22.3329032], [89.3384922, 22.3327792], [89.3397742, 22.3324542], [89.3401954, 22.3323128], [89.3406191, 22.3321292], [89.340992, 22.3319406], [89.3413272, 22.3317496], [89.3415982, 22.331556], [89.3418664, 22.3313476], [89.3424028, 22.3308762], [89.3429768, 22.3301071], [89.3433416, 22.3294347], [89.3436769, 22.3287326], [89.3439183, 22.3280652], [89.3440658, 22.3277029], [89.3442562, 22.3272365], [89.3444064, 22.326837], [89.34479, 22.3259512], [89.3452889, 22.3248149], [89.345541, 22.3243137], [89.3458441, 22.3236016], [89.3461847, 22.3228671], [89.346571, 22.322093], [89.3470457, 22.3211526], [89.3476626, 22.3201403], [89.3483251, 22.3190237], [89.3489072, 22.3181677], [89.3492076, 22.3176962], [89.3494919, 22.3172719], [89.3497843, 22.3168848], [89.350023, 22.3165672], [89.3504092, 22.3159196], [89.3507311, 22.3153688], [89.3513104, 22.3140487], [89.351458, 22.3136591], [89.3515572, 22.3133167], [89.3515813, 22.3131107], [89.3515626, 22.312937], [89.3515277, 22.3127906], [89.3514767, 22.3126542], [89.3513828, 22.3125276], [89.3512139, 22.3123837], [89.3510315, 22.3122745], [89.3503717, 22.3120834], [89.3493202, 22.3118552], [89.3479711, 22.3116542], [89.3470404, 22.31154], [89.3462142, 22.311411], [89.3451333, 22.3112174], [89.3433362, 22.3108179], [89.3423358, 22.310612], [89.3415847, 22.3104234], [89.3410724, 22.3102894], [89.3403, 22.3099991], [89.3393129, 22.3095722], [89.3382749, 22.3090065], [89.337379, 22.3084655], [89.3366924, 22.3080462], [89.3360272, 22.3076342], [89.3351582, 22.307061], [89.3343106, 22.3064903], [89.33364, 22.3059667], [89.3330097, 22.3054753], [89.3325779, 22.3051106], [89.332315, 22.3048574], [89.3320589, 22.3045832], [89.3320106, 22.3045311], [89.3319771, 22.3045187], [89.3319422, 22.3045187], [89.3318979, 22.3045472], [89.3318497, 22.3046043], [89.3318175, 22.3046626], [89.3317652, 22.3047396], [89.3317008, 22.304814], [89.3316565, 22.3048339], [89.3316016, 22.3048525], [89.3315586, 22.3048562], [89.3315238, 22.3048426], [89.331509, 22.3048264], [89.3315023, 22.3047793], [89.3315077, 22.3047334], [89.3315224, 22.3046961], [89.3316324, 22.3045659], [89.331678, 22.3045013], [89.3317156, 22.3044418], [89.3317249, 22.3043959], [89.3317236, 22.3043587], [89.3317156, 22.3043351], [89.3316726, 22.3042917], [89.3315077, 22.3041849], [89.3308854, 22.303773], [89.3301558, 22.303366], [89.3292439, 22.3028797], [89.328129, 22.3024726], [89.3272054, 22.3022345], [89.3257678, 22.3020012], [89.324491, 22.3019069], [89.3231285, 22.3019764], [89.3220234, 22.3021501], [89.320339, 22.3025223], [89.3183649, 22.3029343], [89.3170787, 22.3031456], [89.3163317, 22.3033387], [89.3156156, 22.3034752], [89.3147439, 22.3036192], [89.3140545, 22.303701], [89.3131587, 22.3037581], [89.3123218, 22.3038499], [89.3120536, 22.3038648], [89.3118605, 22.3038611], [89.3116996, 22.30384], [89.3115668, 22.3038177], [89.3114448, 22.3037755], [89.3113616, 22.3037333], [89.3112436, 22.3036564], [89.3111524, 22.3036216], [89.3110666, 22.3036018], [89.31097, 22.3036018], [89.3107957, 22.3036092], [89.3105623, 22.3036018], [89.3104832, 22.3035869], [89.310443, 22.3035608], [89.3103987, 22.30351], [89.3103477, 22.3034554], [89.3102699, 22.3033784], [89.3101278, 22.3032891], [89.3097523, 22.3031353], [89.3095994, 22.3030261], [89.3094841, 22.3028995], [89.3094143, 22.3027804], [89.3093634, 22.3026613], [89.3093124, 22.302423], [89.3092614, 22.3023238], [89.3091595, 22.3021972], [89.3087974, 22.3018622], [89.3086097, 22.3016265], [89.3084836, 22.301413], [89.3083441, 22.3011401], [89.3082315, 22.3007405], [89.3082046, 22.3005321], [89.3082154, 22.300269], [89.3083039, 22.2997578], [89.3084568, 22.2993037], [89.3085882, 22.2990456], [89.308776, 22.2987329], [89.3089503, 22.2983731], [89.3091515, 22.2979859], [89.3093741, 22.297636], [89.3095323, 22.2974871], [89.3096101, 22.2974003], [89.3096852, 22.2972712], [89.3097872, 22.2970702], [89.3099588, 22.2968171], [89.3102297, 22.2965367], [89.3106508, 22.2961768], [89.310962, 22.2959212], [89.3112516, 22.295683], [89.3115386, 22.2955142], [89.3121234, 22.295266], [89.3129709, 22.2948839], [89.3135798, 22.2945637], [89.3140599, 22.2943677], [89.3143818, 22.2942337], [89.3147144, 22.2941294], [89.3155754, 22.2938515], [89.3165061, 22.2934494], [89.3177801, 22.2929556], [89.3188289, 22.2925138], [89.3192339, 22.2923897], [89.3195799, 22.2922532], [89.3200037, 22.2920721], [89.3207621, 22.2917706], [89.3218195, 22.2912308], [89.32293, 22.29065], [89.3243462, 22.2900147], [89.3253761, 22.2895382], [89.3267709, 22.2890021], [89.3279672, 22.2874981], [89.3293995, 22.2868429], [89.3296261, 22.2867176], [89.3298098, 22.2866245], [89.3298648, 22.2866171], [89.3298937, 22.2866326], [89.3299466, 22.2868156], [89.330003, 22.2870117], [89.3300539, 22.2871953], [89.3300871, 22.2872956], [89.3300978, 22.2873185], [89.3301076, 22.2873272], [89.3301223, 22.287326], [89.3301612, 22.2873176], [89.3302256, 22.2872996], [89.330347, 22.2872386], [89.3304965, 22.2871656], [89.3307888, 22.2869918], [89.3311268, 22.2867685], [89.3314755, 22.2865153], [89.3318228, 22.2862262], [89.3319181, 22.2861294], [89.3319459, 22.2860928], [89.3319519, 22.2860717], [89.3319429, 22.286058], [89.3319207, 22.2860394], [89.3318208, 22.2859609], [89.3317907, 22.2859321], [89.3317813, 22.2858995], [89.3317843, 22.2858679], [89.3318027, 22.2858477], [89.3318259, 22.2858095], [89.3318249, 22.2857903], [89.3318014, 22.2857742], [89.3317293, 22.2856991], [89.3316016, 22.2855933], [89.33157, 22.2855561], [89.331556, 22.2855151], [89.331566, 22.2854736], [89.3316391, 22.2853699], [89.3317799, 22.2851664], [89.3318537, 22.2849666], [89.3318604, 22.2847594], [89.3318269, 22.2845869], [89.3316686, 22.2842692], [89.3314245, 22.2839441], [89.330762, 22.2832591], [89.3299305, 22.2824674], [89.3294316, 22.2819784], [89.3291098, 22.2816111], [89.3288228, 22.2813034], [89.328509, 22.2809608], [89.3279082, 22.2803155], [89.3274254, 22.2797745], [89.3269962, 22.2792135], [89.3266314, 22.278732], [89.3264598, 22.2784938], [89.3262935, 22.278191], [89.3260413, 22.277501], [89.325918, 22.27695], [89.3258321, 22.2765317], [89.3257825, 22.2762054], [89.3257382, 22.2758852], [89.325757, 22.2756965], [89.3257892, 22.275524], [89.3258589, 22.2752734], [89.325981, 22.2748837], [89.3260346, 22.2747894], [89.326095, 22.2747186], [89.3261486, 22.2746566], [89.3261674, 22.2746044], [89.326209, 22.2744977], [89.3262358, 22.2743364], [89.3263069, 22.2741974], [89.3263632, 22.2740547], [89.3264075, 22.2738536], [89.3265483, 22.2733237], [89.3266368, 22.273145], [89.3267789, 22.2729539], [89.3268943, 22.2728608], [89.3269452, 22.2728248], [89.3269553, 22.2728049], [89.3269573, 22.2727876], [89.3269406, 22.2727485], [89.3269191, 22.2727081], [89.3269124, 22.2726622], [89.3269157, 22.2725605], [89.3269238, 22.2724612], [89.3269774, 22.2723731], [89.327192, 22.2721174], [89.3274173, 22.2719188], [89.3275689, 22.2718195], [89.3277258, 22.2717327], [89.327937, 22.2716582], [89.327992, 22.271634], [89.3280235, 22.2716222], [89.3280731, 22.2715713], [89.3281945, 22.2714516], [89.3283058, 22.2713802], [89.3284124, 22.2713405], [89.3285177, 22.2712952], [89.3286015, 22.2712629], [89.3286746, 22.2712269], [89.3287531, 22.2711953], [89.3287993, 22.2711742], [89.3288228, 22.2711401], [89.328855, 22.2710811], [89.3289603, 22.2709738], [89.3290213, 22.2709142], [89.3290561, 22.2708726], [89.3290709, 22.2708292], [89.3291051, 22.2707851], [89.3291467, 22.270769], [89.3292097, 22.2707665], [89.329262, 22.2707702], [89.3293633, 22.2707473], [89.3294404, 22.270728], [89.329488, 22.270715], [89.3295128, 22.270697], [89.3295188, 22.2706728], [89.3294974, 22.2705561], [89.3294719, 22.2704978], [89.3294679, 22.2704556], [89.3294732, 22.270432], [89.3295094, 22.2703973], [89.3296006, 22.2703427], [89.33007, 22.2701292], [89.3307003, 22.2698835], [89.3309216, 22.2698314], [89.3311617, 22.2697991], [89.3313467, 22.2697569], [89.331509, 22.2696824], [89.3316337, 22.2696154], [89.331794, 22.2695503], [89.3320408, 22.2694733], [89.332199, 22.2694224], [89.3323512, 22.2693672], [89.3324599, 22.2693275], [89.3325859, 22.2692754], [89.3327522, 22.2692096], [89.3328025, 22.2691798], [89.332826, 22.2691606], [89.332824, 22.2691258], [89.3327898, 22.2690545], [89.332716, 22.2689378], [89.3326704, 22.26881], [89.3326315, 22.2685915], [89.3326235, 22.2685481], [89.3326436, 22.2685245], [89.3326946, 22.2685071], [89.3328112, 22.2684873], [89.333176, 22.2685171], [89.333467, 22.2685295], [89.3336816, 22.2685605], [89.3338385, 22.2686499], [89.3338989, 22.2687119], [89.3339579, 22.2687752], [89.333982, 22.2687938], [89.3339984, 22.2688025], [89.3340182, 22.2687991], [89.3340521, 22.2687827], [89.3342006, 22.2687014], [89.3343347, 22.2686319], [89.3345104, 22.2685742], [89.334666, 22.2684997], [89.3348806, 22.2683942], [89.3349771, 22.2683173], [89.3350267, 22.2682602], [89.3351367, 22.2681944], [89.3356812, 22.2679238], [89.336398, 22.2676291], [89.3366314, 22.2675329], [89.3368121, 22.2674792], [89.3368594, 22.2674711], [89.3369127, 22.2674553], [89.3369428, 22.2674361], [89.3369874, 22.2674001], [89.3372074, 22.2672561], [89.337308, 22.2672102], [89.3373978, 22.2671879], [89.337434, 22.2671723], [89.3374642, 22.2671506], [89.3374803, 22.2671301], [89.3375292, 22.2670873], [89.3376392, 22.2670104], [89.3378115, 22.2669204], [89.3380979, 22.266782], [89.3382642, 22.2667057], [89.3383641, 22.2666623], [89.3384452, 22.2666356], [89.3385398, 22.2666107], [89.3386719, 22.266617], [89.3387724, 22.2666058], [89.3388744, 22.2665599], [89.3389662, 22.2665009], [89.3392646, 22.2663079], [89.340312, 22.2657023], [89.3408002, 22.2654081], [89.3410885, 22.2652393], [89.3412682, 22.2651388], [89.3416129, 22.2649303], [89.3421775, 22.2646448], [89.3427622, 22.2643755], [89.3430204, 22.2642315], [89.343076, 22.2641987], [89.3431022, 22.2641651], [89.3431398, 22.2640981], [89.3432081, 22.2640317], [89.3432759, 22.263987], [89.3434033, 22.2639262], [89.3439344, 22.2637425], [89.3444064, 22.2635837], [89.3447793, 22.2634372], [89.3450314, 22.2633206], [89.345364, 22.2632039], [89.3457314, 22.2630401], [89.3461284, 22.2628787], [89.3464288, 22.2626801], [89.3468204, 22.2623872], [89.3471047, 22.262067], [89.3473086, 22.261784], [89.3473823, 22.2616376], [89.3474199, 22.2615222], [89.3474427, 22.2613906], [89.3474454, 22.2612975], [89.3474132, 22.2612081], [89.3473622, 22.2611312], [89.3472462, 22.261066], [89.3470511, 22.2610145], [89.3466809, 22.2609723], [89.346123, 22.2608854], [89.3458119, 22.2608383], [89.3453613, 22.2607638], [89.3448731, 22.260734], [89.3446451, 22.2607216], [89.3444869, 22.2606844], [89.3440631, 22.2605404], [89.3433014, 22.260322], [89.3419428, 22.2598838], [89.341684, 22.259823], [89.3414104, 22.259725], [89.3412441, 22.2596306], [89.3409692, 22.2594935], [89.3407164, 22.2593756], [89.3405052, 22.2592695], [89.3404146, 22.259221], [89.340247, 22.2591503], [89.3400934, 22.2590659], [89.3399768, 22.2589914], [89.3398963, 22.2589356], [89.339785, 22.2588661], [89.3396375, 22.2587742], [89.3392901, 22.2586315], [89.3391238, 22.2585794], [89.3389602, 22.258495], [89.3387738, 22.2583349], [89.3385994, 22.2581747], [89.3385431, 22.2580717], [89.3385136, 22.2579352], [89.3384506, 22.2577602], [89.3383567, 22.2576745], [89.3382715, 22.2576429], [89.3382273, 22.2576317], [89.3381877, 22.2576435], [89.3380778, 22.2576981], [89.3380053, 22.2577316], [89.3379842, 22.257731], [89.3379664, 22.2577242], [89.3377867, 22.2576137], [89.3375614, 22.2574449], [89.3373415, 22.2572066], [89.3371162, 22.2570204], [89.3367514, 22.2567846], [89.3365073, 22.2566233], [89.3363088, 22.2564793], [89.3361989, 22.2563229], [89.3359548, 22.2559208], [89.3357751, 22.2556204], [89.3356061, 22.255258], [89.3354425, 22.2549774], [89.3351474, 22.2546349], [89.3350469, 22.2544301], [89.3350187, 22.2543444], [89.3350509, 22.2542662], [89.3351072, 22.2542029], [89.3353057, 22.2540391], [89.3355203, 22.2538678], [89.3356007, 22.2537338], [89.3356597, 22.2535376], [89.3357375, 22.2532447], [89.3358287, 22.2530225], [89.3359213, 22.2528525], [89.3360232, 22.2528028], [89.3361036, 22.2528016], [89.336162, 22.252791], [89.336225, 22.2527656], [89.3362659, 22.2527135], [89.3363544, 22.252572], [89.3365368, 22.2523312], [89.3367219, 22.2521251], [89.3368775, 22.2519414], [89.3370303, 22.2517019], [89.3371055, 22.2515542], [89.3371497, 22.2514027], [89.3371886, 22.251301], [89.3372717, 22.2511619], [89.3373629, 22.2510105], [89.3374488, 22.2508268], [89.3375292, 22.2505736], [89.3376245, 22.2504209], [89.3378156, 22.2502602], [89.3380067, 22.2501019], [89.3382749, 22.2498462], [89.3384734, 22.2497047], [89.3386611, 22.249598], [89.3388998, 22.2495309], [89.3391399, 22.2494714], [89.3392164, 22.2494304], [89.3392465, 22.2493863], [89.3392505, 22.2493373], [89.3391627, 22.2492008], [89.338873, 22.2488681], [89.3387496, 22.2486571], [89.3386477, 22.2484337], [89.3385619, 22.2481929], [89.3385766, 22.2479409], [89.3385807, 22.2475958], [89.3385699, 22.2475027], [89.3385284, 22.2474531], [89.3384613, 22.2474121], [89.3383688, 22.2473674], [89.3380871, 22.2472284], [89.3378068, 22.2471266], [89.3377344, 22.247067], [89.3377103, 22.2469963], [89.3377157, 22.2469293], [89.3377331, 22.2468473], [89.3377264, 22.2467431], [89.3377022, 22.2466239], [89.3376808, 22.2464104], [89.3376607, 22.2462664], [89.337658, 22.2461212], [89.3376459, 22.2459189], [89.3376352, 22.2458208], [89.3376144, 22.2456259], [89.3375789, 22.2454186], [89.337548, 22.2451517], [89.3375386, 22.2449507], [89.3376164, 22.2447955], [89.3377733, 22.2446949], [89.3380952, 22.2445956], [89.3385766, 22.2445683], [89.3389615, 22.2445534], [89.3393545, 22.2445671], [89.3397756, 22.2446838], [89.3401068, 22.244834], [89.3403804, 22.2451294], [89.3405655, 22.2453417], [89.3407935, 22.2455862], [89.3409799, 22.2458866], [89.3410537, 22.2460219], [89.3410617, 22.2460545], [89.3410577, 22.2460874], [89.3410309, 22.2462068], [89.3410389, 22.2462434], [89.3410631, 22.2462763], [89.3411154, 22.2462968], [89.3412535, 22.2462925], [89.3413688, 22.2462968], [89.3414661, 22.2463185], [89.3415888, 22.2463763], [89.3417108, 22.2464712], [89.3417913, 22.2465615], [89.341853, 22.2466711], [89.3418892, 22.2467902], [89.3419079, 22.246856], [89.3419535, 22.2469193], [89.3420179, 22.2469789], [89.3421064, 22.2470708], [89.3421882, 22.2471974], [89.3425007, 22.2476815], [89.3427086, 22.2479918], [89.342782, 22.2480787], [89.3428102, 22.2480985], [89.3428471, 22.248114], [89.3428906, 22.2481137], [89.3429406, 22.2481085], [89.3431002, 22.2480911], [89.3432625, 22.2480874], [89.3433007, 22.2480948], [89.3433362, 22.2481109], [89.3433698, 22.248155], [89.343406, 22.2481867], [89.3434462, 22.248191], [89.3434878, 22.2481805], [89.3436152, 22.2481401], [89.3436822, 22.2481308], [89.3437459, 22.2481364], [89.3438432, 22.2481643], [89.3439303, 22.2481836], [89.3440329, 22.2481842], [89.3442535, 22.2482016], [89.3443387, 22.2482233], [89.3444145, 22.2482618], [89.3444668, 22.248294], [89.3445962, 22.2483753], [89.3446753, 22.2484169], [89.3447484, 22.2484554], [89.3448161, 22.2484858], [89.3448932, 22.2485324], [89.3449509, 22.2485516], [89.3450099, 22.2485485], [89.3450911, 22.2485292], [89.3451977, 22.2484796], [89.3452597, 22.2484486], [89.3453097, 22.2484225], [89.3453506, 22.2484026], [89.3453787, 22.2483735], [89.3454247, 22.2483406], [89.345488, 22.2483164], [89.3455792, 22.2483108], [89.3456382, 22.2483288], [89.3456677, 22.2483474], [89.3457207, 22.2483697], [89.345763, 22.2483809], [89.3458005, 22.2483865], [89.3458293, 22.2483784], [89.3458609, 22.2483635], [89.345889, 22.2483362], [89.345944, 22.2482264], [89.3460117, 22.2481358], [89.3460781, 22.248078], [89.3461351, 22.2480582], [89.3461867, 22.2480663], [89.3462411, 22.248096], [89.3462665, 22.2481507], [89.3463021, 22.248209], [89.3463396, 22.2482562], [89.3463698, 22.248276], [89.3464006, 22.2482891], [89.3464308, 22.2482891], [89.3464771, 22.2482723], [89.3465133, 22.2482518], [89.3465804, 22.2481556], [89.3466122, 22.2481196], [89.3466474, 22.248101], [89.346686, 22.2480908], [89.3468781, 22.2480675], [89.3469998, 22.2480396], [89.347041, 22.2480309], [89.3471798, 22.2480178], [89.3475151, 22.2479967], [89.3477659, 22.2479682], [89.3480287, 22.2479005], [89.3482862, 22.2478509], [89.3486242, 22.2478081], [89.3488039, 22.247787], [89.3491727, 22.2477522], [89.3493658, 22.2477473], [89.349685, 22.2477125], [89.3500283, 22.2476628], [89.3503891, 22.2476231], [89.3507177, 22.2476076], [89.3509584, 22.2475983], [89.3510851, 22.2476132], [89.3511723, 22.2476169], [89.3512467, 22.2476144], [89.3513158, 22.247602], [89.3514231, 22.2475766], [89.3515699, 22.2475418], [89.3516812, 22.2475189], [89.3517892, 22.2474742], [89.3518757, 22.2474295], [89.3519428, 22.2473867], [89.3519917, 22.2473376], [89.3520266, 22.2472886], [89.3520775, 22.2472476], [89.3521339, 22.2472321], [89.3521815, 22.2472185], [89.352215, 22.2472185], [89.3522418, 22.2472247], [89.3522707, 22.2472532], [89.3522921, 22.2472697], [89.3523189, 22.2472787], [89.3523619, 22.2472815], [89.3524095, 22.2472805], [89.3524437, 22.2472762], [89.3524832, 22.2472663], [89.3525436, 22.2472377], [89.3526193, 22.2471949], [89.3526495, 22.2471347], [89.3526703, 22.2470509], [89.3526831, 22.2469659], [89.352681, 22.2468957], [89.3526757, 22.2467282], [89.3526743, 22.2466115], [89.3526958, 22.2464265], [89.3527253, 22.2463272], [89.352791, 22.2461721], [89.3528017, 22.246105], [89.3527964, 22.246043], [89.3527481, 22.2456942], [89.3527052, 22.2455452], [89.3526408, 22.2453665], [89.3525724, 22.2452076], [89.3524316, 22.2449271], [89.3522948, 22.2446279], [89.35215, 22.2442828], [89.3520132, 22.2440693], [89.3517745, 22.2438062], [89.3515062, 22.2435753], [89.3511897, 22.2432699], [89.3509322, 22.2429497], [89.3505983, 22.2425674], [89.3503797, 22.2423315], [89.3501624, 22.242118], [89.3498982, 22.2418859], [89.3495724, 22.2415966], [89.3493068, 22.2414253], [89.348942, 22.2412069], [89.3485773, 22.2409611], [89.3481722, 22.2406185], [89.3479684, 22.2404447], [89.3477404, 22.2402486], [89.3474883, 22.2400177], [89.3472549, 22.2397793], [89.346815, 22.2392704], [89.3465415, 22.2389501], [89.3462625, 22.2386224], [89.3461043, 22.2384461], [89.3458629, 22.2381507], [89.3457851, 22.2381135], [89.3456912, 22.2381209], [89.3454203, 22.2381792], [89.3449683, 22.2382624], [89.3448785, 22.2382475], [89.3448168, 22.2381879], [89.3446425, 22.2379452], [89.3444748, 22.2377144], [89.3443803, 22.2375468], [89.3442971, 22.2373252], [89.3442783, 22.2372191], [89.344271, 22.2370564], [89.3442737, 22.2370055], [89.3442904, 22.2369726], [89.3443501, 22.2369391], [89.3444306, 22.2368671], [89.344452, 22.2367951], [89.34444, 22.2366871], [89.3443957, 22.2366089], [89.3443072, 22.2365717], [89.3441999, 22.2365357], [89.3440819, 22.2365109], [89.3439652, 22.2364289], [89.3438914, 22.2363557], [89.3437815, 22.2361596], [89.343709, 22.2359584], [89.3436339, 22.2357735], [89.343532, 22.2356556], [89.3433738, 22.2355513], [89.3430251, 22.235442], [89.3427998, 22.2353253], [89.3426013, 22.235164], [89.3422861, 22.2348201], [89.3419562, 22.2343608], [89.3418503, 22.234074], [89.3418181, 22.2338779], [89.3418047, 22.2331455], [89.3417832, 22.2324788], [89.3416947, 22.2318904], [89.3415418, 22.231487], [89.3415177, 22.231441], [89.3414721, 22.2314001], [89.3413581, 22.2313336], [89.3413165, 22.2313063], [89.3412857, 22.231271], [89.3412166, 22.2311574], [89.3411006, 22.2309842], [89.3410067, 22.2308576], [89.3408793, 22.2307098], [89.3407197, 22.2305348], [89.3406493, 22.2304737], [89.3406269, 22.2304665], [89.340589, 22.2304634], [89.3405316, 22.2304705], [89.3404817, 22.2304957], [89.3403858, 22.2305649], [89.3403187, 22.2305928], [89.3402597, 22.2305981], [89.3400854, 22.2305633], [89.3397877, 22.2304516], [89.3394336, 22.2303175], [89.3391936, 22.2301549], [89.338991, 22.2299749], [89.3388556, 22.229739], [89.3387832, 22.2296099], [89.3386826, 22.229456], [89.3385646, 22.2293728], [89.3384452, 22.2293095], [89.3382642, 22.2292412], [89.3380362, 22.2291183], [89.3378779, 22.2289271], [89.3377036, 22.2286131], [89.3376097, 22.2283809], [89.3375708, 22.2279762], [89.337601, 22.2276305], [89.3376211, 22.2275467], [89.3376399, 22.2275169], [89.3376868, 22.2275082], [89.3379343, 22.2275367], [89.3384117, 22.227538], [89.3388864, 22.2275243], [89.3393236, 22.2275417], [89.3396696, 22.2275616], [89.3398172, 22.2275492], [89.3398909, 22.2275194], [89.3399352, 22.2274498], [89.340013, 22.2272164], [89.3401793, 22.2266926], [89.3402436, 22.2264964], [89.3403, 22.2263598], [89.3403268, 22.226186], [89.3403456, 22.2259303], [89.3403429, 22.225538], [89.3403603, 22.2252202], [89.3403885, 22.2251457], [89.3404622, 22.2251147], [89.3407613, 22.2251122], [89.3408941, 22.225096], [89.341, 22.2250389], [89.3411073, 22.2248949], [89.3412468, 22.2246541], [89.3413514, 22.2243338], [89.3413809, 22.22416], [89.3413916, 22.2238297], [89.3414748, 22.2233406], [89.3415365, 22.223204], [89.3416169, 22.2230824], [89.3418369, 22.2227198], [89.341979, 22.2224889], [89.3420568, 22.2222655], [89.3420702, 22.2222263], [89.3420669, 22.2222009], [89.3420575, 22.2221854], [89.3420085, 22.2221754], [89.341971, 22.2221469], [89.341918, 22.2220693], [89.3418905, 22.2219675], [89.3419254, 22.2218235], [89.3420675, 22.2214585], [89.3421487, 22.220996], [89.3421386, 22.2208055], [89.3420903, 22.2206534], [89.3420514, 22.2205609], [89.3420293, 22.2205031], [89.3420253, 22.2204479], [89.3420414, 22.2204007], [89.3421091, 22.2203734], [89.3422486, 22.2203386], [89.3423626, 22.220307], [89.3424115, 22.2202809], [89.3424498, 22.2202455], [89.3424994, 22.2200817], [89.3425342, 22.2199767], [89.3426026, 22.2198855], [89.3426395, 22.2198253], [89.3426442, 22.2197253], [89.3426308, 22.2196235], [89.3425959, 22.2195155], [89.3425611, 22.2194001], [89.3425275, 22.219266], [89.3424954, 22.2191617], [89.342427, 22.2188948], [89.3423384, 22.2185447], [89.34227, 22.2183038], [89.3422151, 22.2181312], [89.3420997, 22.2179686], [89.3420447, 22.2179115], [89.3419991, 22.2178966], [89.3418919, 22.217878], [89.3417484, 22.2178047], [89.3415847, 22.2177017], [89.3414359, 22.2175663], [89.3413272, 22.2174943], [89.3412159, 22.2174571], [89.3411086, 22.2174434], [89.3408257, 22.2174583], [89.3405655, 22.2174856], [89.3403254, 22.2175328], [89.3401243, 22.2175738], [89.3398775, 22.217585], [89.3396267, 22.2175961], [89.3395087, 22.2175887], [89.3394175, 22.2175986], [89.3393035, 22.2176433], [89.3391198, 22.2177439], [89.3388931, 22.2178208], [89.3386424, 22.217873], [89.3374756, 22.2177116], [89.336805, 22.2177364], [89.3358904, 22.2177563], [89.3355498, 22.2177513], [89.3353325, 22.217724], [89.3351582, 22.217652], [89.3349034, 22.217498], [89.3347558, 22.2174459], [89.3345788, 22.2174757], [89.3344447, 22.2175427], [89.334316, 22.2175999], [89.3341523, 22.2176346], [89.3336883, 22.2176346], [89.3333316, 22.2175949], [89.3328005, 22.217503], [89.3321407, 22.2173491], [89.3313575, 22.2170958], [89.3305528, 22.2167631], [89.3296891, 22.2162913], [89.3289757, 22.2157847], [89.3283105, 22.2152434], [89.3278652, 22.2148064], [89.3272805, 22.2141955], [89.3268353, 22.2136194], [89.3263847, 22.212944], [89.3261003, 22.2123928], [89.325588, 22.2114616], [89.3253413, 22.2110096], [89.3252045, 22.2107415], [89.3250838, 22.2104534], [89.3249685, 22.210225], [89.3248907, 22.2100139], [89.3245768, 22.20911], [89.3242121, 22.2079925], [89.3240699, 22.2073345], [89.3240833, 22.2071234], [89.3242013, 22.2069694], [89.3243301, 22.2068254], [89.3243811, 22.2066466], [89.324373, 22.2064206], [89.3243811, 22.2062394], [89.3244266, 22.2060854], [89.3245178, 22.2059414], [89.3246251, 22.20577], [89.324711, 22.2055391], [89.3248183, 22.2052212], [89.3249738, 22.2049108], [89.3251213, 22.2045706], [89.3253145, 22.2040938], [89.3254727, 22.2036543], [89.325639, 22.203165], [89.3258375, 22.2025765], [89.3259314, 22.2019134], [89.3259609, 22.2011982], [89.3259501, 22.2008307], [89.3259045, 22.2006122], [89.3258214, 22.2003961], [89.3256068, 22.2002148], [89.325352, 22.2000907], [89.3248638, 22.199892], [89.3243864, 22.1997405], [89.3240458, 22.1996461], [89.3237816, 22.1995828], [89.3237078, 22.1995816], [89.3236649, 22.1996076], [89.3236636, 22.1996511], [89.3236689, 22.1997256], [89.3236676, 22.1998113], [89.3236448, 22.1998994], [89.3235885, 22.1999901], [89.3234691, 22.2000956], [89.3233779, 22.2001416], [89.3233162, 22.2001813], [89.323284, 22.2002372], [89.323284, 22.2003166], [89.3233109, 22.2004557], [89.3233028, 22.2005488], [89.3232706, 22.2006519], [89.3232036, 22.2007736], [89.3227449, 22.2014192], [89.3226242, 22.2015707], [89.3225706, 22.2016924], [89.3225411, 22.2018265], [89.3225357, 22.2019706], [89.3224955, 22.2022338], [89.3224311, 22.2024325], [89.3223131, 22.2025765], [89.322179, 22.2026634], [89.3220046, 22.2026907], [89.3218839, 22.2027727], [89.3218437, 22.2029068], [89.3218437, 22.2030409], [89.3218946, 22.2031973], [89.3218973, 22.2034084], [89.3218303, 22.2036145], [89.3217096, 22.2037387], [89.3215674, 22.2037958], [89.3214172, 22.2038132], [89.3213207, 22.2038653], [89.321267, 22.2039746], [89.3212536, 22.2041311], [89.3212563, 22.204285], [89.3211812, 22.2043794], [89.3210632, 22.2045035], [89.3210041, 22.2046401], [89.3210497, 22.2047792], [89.3211463, 22.2048959], [89.3212107, 22.2050971], [89.321208, 22.205256], [89.3211302, 22.2053826], [89.3209934, 22.2054571], [89.3207896, 22.2055341], [89.3205938, 22.2056508], [89.3204409, 22.2057998], [89.3203658, 22.2060258], [89.320288, 22.2062567], [89.320111, 22.2065175], [89.3198159, 22.206967], [89.3195558, 22.2075257], [89.31925, 22.2082135], [89.3191507, 22.2084271], [89.3190327, 22.2085761], [89.3188798, 22.2087027], [89.3186519, 22.2087897], [89.3184185, 22.2088741], [89.3182334, 22.2090181], [89.3180591, 22.2092366], [89.3178794, 22.2094527], [89.3177104, 22.2097159], [89.3174958, 22.2100686], [89.3172678, 22.2104286], [89.3170881, 22.2107117], [89.3167984, 22.2109699], [89.3166456, 22.2110767], [89.3165088, 22.2111686], [89.3164256, 22.2112654], [89.3163639, 22.2113771], [89.316313, 22.2114827], [89.3162486, 22.2115609], [89.3161252, 22.2116466], [89.3158999, 22.2117509], [89.315688, 22.2118539], [89.3154748, 22.2119855], [89.3152079, 22.2121469], [89.314937, 22.2123357], [89.3146527, 22.212507], [89.3144676, 22.2126436], [89.3143375, 22.2127938], [89.3142691, 22.2129291], [89.3142316, 22.2130434], [89.3142061, 22.2131601], [89.3141605, 22.2132519], [89.3140841, 22.2133339], [89.3138963, 22.2135127], [89.3135932, 22.2137287], [89.3132257, 22.2139869], [89.3127751, 22.2142526], [89.3122065, 22.2145767], [89.3120643, 22.2146499], [89.3119597, 22.214712], [89.3118766, 22.2147989], [89.3118203, 22.2148834], [89.3117264, 22.2149529], [89.3113106, 22.2151441], [89.3108118, 22.2153949], [89.3100876, 22.2157971], [89.3098381, 22.2159561], [89.3097174, 22.2160057], [89.3095994, 22.2160355], [89.3094599, 22.2160579], [89.3093446, 22.2161175], [89.3092614, 22.2161919], [89.3092078, 22.2162838], [89.3091622, 22.2163782], [89.3090522, 22.2164502], [89.3089101, 22.2165247], [89.308776, 22.2165868], [89.3086955, 22.216691], [89.3086821, 22.2168177], [89.3087438, 22.2174087], [89.3087947, 22.2177563], [89.3088967, 22.2180791], [89.3022957, 22.2201872], [89.3021764, 22.2201883], [89.301939, 22.2202368], [89.3017273, 22.2203055], [89.3015072, 22.2203809], [89.3012282, 22.2204653], [89.3005925, 22.2205919], [89.3000507, 22.2206987], [89.2995116, 22.2208055], [89.2991039, 22.220875], [89.2988545, 22.2209048], [89.2986801, 22.2209197], [89.2984763, 22.2209048], [89.298259, 22.2208948], [89.2981115, 22.2209048], [89.2979264, 22.2209371], [89.2975777, 22.2209644], [89.2972156, 22.2209942], [89.2966765, 22.2210463], [89.2962822, 22.2210885], [89.2960006, 22.2211084], [89.2956975, 22.2211208], [89.2954132, 22.2211258], [89.2949223, 22.2211183], [89.2940855, 22.2211109], [89.2932996, 22.2211109], [89.2927659, 22.2211034], [89.2924413, 22.2210972], [89.2921892, 22.221096], [89.2918982, 22.2210985], [89.2917238, 22.2211034], [89.2915495, 22.2211121], [89.2912021, 22.2211258], [89.2907636, 22.2211307], [89.2903505, 22.2211357], [89.2898181, 22.2211407], [89.2890108, 22.221158], [89.288312, 22.2211717], [89.2879312, 22.2211841], [89.2878266, 22.2211878], [89.2877676, 22.2211965], [89.2877166, 22.2212127], [89.2876562, 22.2212226], [89.2875583, 22.2212251], [89.2873961, 22.2212313], [89.2872298, 22.2212387], [89.2869857, 22.2212512], [89.2867269, 22.2212648], [89.2863782, 22.2212859], [89.2860617, 22.2213045], [89.2858109, 22.2213145], [89.2853951, 22.2213319], [89.2849901, 22.2213517], [89.2846669, 22.2213691], [89.2843665, 22.2213728], [89.2840473, 22.2213803], [89.2837925, 22.2213803], [89.2835578, 22.2214063], [89.2832896, 22.2214337], [89.2830133, 22.2214784], [89.2827076, 22.221528], [89.2824098, 22.2215802], [89.2820719, 22.2216248], [89.2818647, 22.221649], [89.2816776, 22.2216695], [89.281286, 22.2217068], [89.2810526, 22.2217242], [89.2807013, 22.2217242], [89.2805886, 22.2217291], [89.280421, 22.2217378], [89.2802507, 22.2217403], [89.2801487, 22.2217403], [89.2800924, 22.2217266], [89.2800683, 22.2217031], [89.2800455, 22.2216087], [89.2800052, 22.2215268], [89.2799851, 22.2215019], [89.2799489, 22.2214833], [89.2798805, 22.2214771], [89.2796874, 22.2214759], [89.2793521, 22.2215007], [89.2790195, 22.2215305], [89.2789149, 22.2215429], [89.278813, 22.2215454], [89.2787272, 22.2215206], [89.2786896, 22.2214684], [89.2786601, 22.221312], [89.2786172, 22.22124], [89.2785287, 22.2212052], [89.2783248, 22.2211978], [89.2778099, 22.2212524], [89.2772412, 22.221317], [89.2763507, 22.2214312], [89.2759806, 22.2214808], [89.275589, 22.2215255], [89.2752564, 22.2215504], [89.2748648, 22.2216], [89.2743605, 22.2216546], [89.2736578, 22.2216745], [89.2728746, 22.2216695], [89.2725313, 22.2216546], [89.2722309, 22.2215951], [89.2719626, 22.2215553], [89.2716193, 22.2216], [89.2712492, 22.2216894], [89.2704445, 22.2217788], [89.2697257, 22.2218285], [89.2688888, 22.2218632], [89.2681646, 22.221888], [89.2675316, 22.2219029], [89.2670542, 22.2218731], [89.2666787, 22.2218334], [89.2663407, 22.2217689], [89.265874, 22.2216546], [89.2654556, 22.2215454], [89.2651123, 22.221461], [89.2648333, 22.2214361], [89.2644846, 22.2214411], [89.264034, 22.2214461], [89.2636478, 22.2214411], [89.2632562, 22.2213964], [89.2628324, 22.2213219], [89.2625213, 22.2212574], [89.2621565, 22.2211431], [89.2617005, 22.2210339], [89.2612177, 22.2209197], [89.2607295, 22.2208502], [89.2602467, 22.2208005], [89.2598927, 22.2207707], [89.2590237, 22.2207508], [89.2579079, 22.2208005], [89.2568242, 22.2209693], [89.2560196, 22.2211581], [89.2552793, 22.2213567], [89.2547107, 22.2215355], [89.2539167, 22.2217838], [89.2532945, 22.2220023], [89.2528063, 22.2222158], [89.2524469, 22.2224194], [89.2518675, 22.2227174], [89.2513686, 22.2229905], [89.2507732, 22.2233331], [89.2500114, 22.2238794], [89.2495099, 22.2242618], [89.2490941, 22.2245349], [89.2487025, 22.224813], [89.2482573, 22.2252102], [89.2479515, 22.2255728], [89.247694, 22.2259601], [89.2474687, 22.2263325], [89.2473078, 22.2266404], [89.2471683, 22.2269483], [89.2470342, 22.2273356], [89.2469376, 22.2276683], [89.2468679, 22.2280308], [89.2468035, 22.2285125], [89.2467767, 22.2291183], [89.2467713, 22.2296596], [89.2467982, 22.230037], [89.246943, 22.2309507], [89.2470449, 22.2313926], [89.2471254, 22.2317154], [89.2472702, 22.2322616], [89.2473453, 22.2326588], [89.2473936, 22.2330958], [89.2475009, 22.2339648], [89.2476404, 22.235658], [89.2477101, 22.2361893], [89.2477798, 22.2367852], [89.2478979, 22.2376641], [89.247973, 22.2382053], [89.2480347, 22.2386827], [89.2481661, 22.2394218], [89.2484068, 22.2407693], [89.248431, 22.2409307], [89.2484383, 22.241025], [89.248437, 22.2410784], [89.2484444, 22.241133], [89.2484651, 22.2411851], [89.248496, 22.2412478], [89.2485262, 22.2413291], [89.248547, 22.2414042], [89.2485624, 22.2414793], [89.2485818, 22.2415942], [89.2485798, 22.2416748], [89.2485798, 22.2417313], [89.2485905, 22.2418288], [89.248606, 22.2419268], [89.248673, 22.2422123], [89.2487481, 22.2425003], [89.248834, 22.2427982], [89.2489091, 22.2430837], [89.2489734, 22.2432873], [89.2490324, 22.2436448], [89.2490673, 22.2439824], [89.2491089, 22.2443424], [89.2399451, 22.2475449], [89.2396903, 22.2475648], [89.239575, 22.2475971], [89.2394999, 22.2476566], [89.2394704, 22.2477162], [89.2394784, 22.2477832], [89.2395347, 22.2481531], [89.2395361, 22.2482189], [89.2395213, 22.2482524], [89.2394965, 22.2482704], [89.2394717, 22.2482735], [89.2392974, 22.2482599], [89.2392893, 22.2483182], [89.2389581, 22.2482847], [89.2387871, 22.2482388], [89.2387602, 22.2482313], [89.2387267, 22.2482307], [89.2386632, 22.2482486], [89.238009, 22.248315], [89.2379534, 22.2483206], [89.2379026, 22.2482884], [89.2378812, 22.2482562], [89.2378329, 22.2479744], [89.2378154, 22.2479372], [89.23779, 22.247926], [89.2377591, 22.2479235], [89.2376156, 22.2479545], [89.2375754, 22.2479794], [89.2375633, 22.2480129], [89.2375935, 22.2481773], [89.2375928, 22.2482115], [89.2375901, 22.2482524], [89.2375727, 22.2482847], [89.2375559, 22.248304], [89.2375056, 22.2483331], [89.2374647, 22.2483443], [89.2373038, 22.248371], [89.2372797, 22.248376], [89.2372703, 22.2483862], [89.2372716, 22.2483977], [89.237277, 22.2484185], [89.2372837, 22.2484442], [89.2372904, 22.2484641], [89.2372904, 22.2484846], [89.2372797, 22.2484964], [89.237216, 22.2485168], [89.2371831, 22.2485168], [89.2370979, 22.2484995], [89.2370349, 22.2484945], [89.2369451, 22.2485168], [89.236936, 22.2485274], [89.236933, 22.2485392], [89.236932, 22.2485466], [89.2369387, 22.2485736], [89.2369384, 22.2485823], [89.236936, 22.2485891], [89.2369293, 22.2485916], [89.236882, 22.2486037], [89.2368217, 22.2486149], [89.2363523, 22.2487167], [89.2362772, 22.2487378], [89.2362477, 22.2487415], [89.2361189, 22.2487216], [89.236064, 22.2487216], [89.2359969, 22.2487316], [89.2359741, 22.2487465], [89.2359191, 22.2487912], [89.2358641, 22.2488147], [89.2357059, 22.2488718], [89.2356241, 22.2488917], [89.2355114, 22.2488991], [89.2354403, 22.2489004], [89.2354068, 22.2489078], [89.2351882, 22.2489873], [89.2351386, 22.2490059], [89.2350943, 22.2490146], [89.2350461, 22.2489997], [89.2350313, 22.2489724], [89.23503, 22.2489016], [89.2350192, 22.2488818], [89.2349964, 22.2488607], [89.2349428, 22.2488545], [89.2346223, 22.2489016], [89.2345753, 22.2489215], [89.2345425, 22.2489587], [89.2345203, 22.2489811], [89.2345136, 22.2490096], [89.2345203, 22.2490779], [89.2345244, 22.2491213], [89.2345136, 22.2491784], [89.2344949, 22.2491921], [89.2342535, 22.2493026], [89.2342038, 22.2493249], [89.2341596, 22.2493224], [89.23411, 22.2493063], [89.2340831, 22.2493013], [89.2340469, 22.249305], [89.2340134, 22.2493162], [89.2339785, 22.2493448], [89.2339598, 22.2493932], [89.2339464, 22.2494478], [89.2339222, 22.2494937], [89.2338753, 22.2495309], [89.2335601, 22.2497221], [89.2335092, 22.249732], [89.2334501, 22.2497258], [89.233418, 22.2497333], [89.2332074, 22.2498772], [89.2331833, 22.249912], [89.2331752, 22.2499381], [89.2331699, 22.2499753], [89.233143, 22.2500374], [89.2329821, 22.2502198], [89.2327756, 22.250478], [89.2324363, 22.2509559], [89.2322606, 22.2512103], [89.2320111, 22.251538], [89.2319816, 22.2516038], [89.2318167, 22.2520718], [89.2317577, 22.2522617], [89.2317007, 22.2524119], [89.2316913, 22.2524677], [89.2316739, 22.252508], [89.2316034, 22.2525968], [89.2315055, 22.2526769], [89.2314599, 22.2527395], [89.2314304, 22.2528004], [89.231411, 22.2529183], [89.2313781, 22.2529971], [89.2313506, 22.2530399], [89.2312735, 22.2531616], [89.2309678, 22.2534992], [89.2308752, 22.2536258], [89.2305587, 22.2540689], [89.2304581, 22.2541893], [89.2303844, 22.2542588], [89.2300183, 22.254535], [89.2300102, 22.2545467], [89.2300082, 22.2545623], [89.2299968, 22.254655], [89.2299874, 22.2547115], [89.2299814, 22.2547174], [89.2299512, 22.2547211], [89.2297809, 22.2547286], [89.2296595, 22.2547335], [89.2295603, 22.2547323], [89.22905, 22.2548062], [89.2287174, 22.2548037], [89.2284465, 22.2548384], [89.2279798, 22.2548136], [89.227379, 22.2547739], [89.2266548, 22.2545554], [89.2257804, 22.2542278], [89.2249274, 22.2539001], [89.2235434, 22.2533291], [89.2228514, 22.2531057], [89.2216283, 22.2526489], [89.2203677, 22.2522666], [89.2189085, 22.2518992], [89.2177391, 22.2517453], [89.2168862, 22.2516559], [89.2150944, 22.2513183], [89.2134958, 22.2509956], [89.2122406, 22.2507871], [89.2110068, 22.2505935], [89.2099875, 22.250514], [89.2088771, 22.2503104], [89.2072877, 22.2501213], [89.2062968, 22.2500076], [89.2056316, 22.2499728], [89.205063, 22.2500672], [89.2044836, 22.2502707], [89.2041403, 22.2506828], [89.2040116, 22.2510006], [89.2039525, 22.2514673], [89.2040759, 22.2519886], [89.204371, 22.2523957], [89.2055136, 22.2533242], [89.2063397, 22.2537412], [89.2074716, 22.2542973], [89.2079089, 22.2544875], [89.2085445, 22.2547441], [89.2091292, 22.2549179], [89.2101645, 22.2552455], [89.2121494, 22.2558314], [89.2129058, 22.2560101], [89.2138338, 22.2561144], [89.2147243, 22.2562782], [89.2154646, 22.2563577], [89.2159313, 22.256385], [89.2162907, 22.2564197], [89.2168754, 22.2564768], [89.217715, 22.2566034], [89.2181763, 22.2567697], [89.2186403, 22.2570428], [89.2190695, 22.2574474], [89.2191929, 22.2576609], [89.2193377, 22.2580184], [89.2195684, 22.2588599], [89.2197588, 22.2594234], [89.2198125, 22.2598652], [89.2197749, 22.2604088], [89.2196783, 22.2609723], [89.2195684, 22.2613397], [89.2192921, 22.2621862], [89.2191017, 22.2625808], [89.2188737, 22.2630475], [89.2186403, 22.2634298], [89.2183211, 22.2639833], [89.2179832, 22.2645642], [89.2178531, 22.2648471], [89.2178276, 22.2649154], [89.2178263, 22.2649837], [89.2178357, 22.2650631], [89.2178223, 22.2651276], [89.2177753, 22.2652406], [89.2174454, 22.2657395], [89.2173569, 22.2658835], [89.217263, 22.2660026], [89.2168996, 22.2664407], [89.2165482, 22.2668304], [89.2162907, 22.2670886], [89.216119, 22.2672176], [89.2156389, 22.2674609], [89.2152286, 22.2676471], [89.2147726, 22.2678407], [89.2143193, 22.2679226], [89.2137131, 22.2680368], [89.2135267, 22.2680616], [89.2134596, 22.2680752], [89.2133926, 22.2681298], [89.2133376, 22.268172], [89.2132625, 22.2682043], [89.2131659, 22.2682242], [89.2128132, 22.2682676], [89.2125437, 22.26828], [89.2121789, 22.2682862], [89.2119174, 22.268285], [89.2117175, 22.2682862], [89.2112535, 22.2682465], [89.2107882, 22.268213], [89.2102732, 22.2681708], [89.2101082, 22.2681509], [89.2099889, 22.2681212], [89.2095101, 22.2679697], [89.208743, 22.2677761], [89.2082173, 22.2676371], [89.2077425, 22.2674758], [89.2072678, 22.267245], [89.2068869, 22.2670414], [89.206329, 22.2667808], [89.2053983, 22.2664035], [89.2050174, 22.2663514], [89.204784, 22.2663762], [89.2045158, 22.2664085], [89.2042315, 22.2664978], [89.2039794, 22.2666517], [89.2038184, 22.2668404], [89.2036897, 22.2670712], [89.203577, 22.2675527], [89.2032793, 22.2686573], [89.2030835, 22.26933], [89.2029816, 22.2696651], [89.2028394, 22.2700423], [89.2024773, 22.27072], [89.2024532, 22.2708962], [89.2024854, 22.2711394], [89.2024773, 22.2712313], [89.2024478, 22.2714001], [89.2024103, 22.2715167], [89.202362, 22.2715689], [89.2023204, 22.2715912], [89.2022654, 22.2715999], [89.2021394, 22.271585], [89.2019556, 22.2715353], [89.2017706, 22.271482], [89.2017223, 22.2714807], [89.2016888, 22.2715031], [89.2016794, 22.2715416], [89.2016941, 22.2715713], [89.2017598, 22.2716247], [89.2018564, 22.2717488], [89.2019114, 22.2718444], [89.2019932, 22.2720628], [89.2020388, 22.2722005], [89.2020991, 22.2724475], [89.2021045, 22.272656], [89.2021233, 22.2731524], [89.2021193, 22.2734466], [89.2020938, 22.2735818], [89.2020535, 22.2737481], [89.2019784, 22.2741204], [89.2018175, 22.2747509], [89.2017612, 22.2749569], [89.2016861, 22.275153], [89.2016029, 22.2752969], [89.201501, 22.2753664], [89.201455, 22.2753809], [89.2013749, 22.2754061], [89.2012194, 22.2753838], [89.2010692, 22.2753292], [89.2010102, 22.2752423], [89.2009994, 22.2750537], [89.2011175, 22.274741], [89.2012998, 22.2742694], [89.2013723, 22.2740137], [89.2014313, 22.2737928], [89.2014822, 22.2735099], [89.2014715, 22.27315], [89.2014608, 22.2728074], [89.2014259, 22.2725443], [89.201328, 22.272239], [89.2012516, 22.27211], [89.2011778, 22.2720454], [89.2009766, 22.2719573], [89.2004281, 22.271827], [89.1996825, 22.2717029], [89.1993874, 22.2716334], [89.1990736, 22.271554], [89.198674, 22.2713852], [89.198277, 22.2711618], [89.1980463, 22.270988], [89.197188, 22.2700597], [89.1970807, 22.269886], [89.196775, 22.2693796], [89.1962707, 22.2682626], [89.1958335, 22.2670395], [89.195549, 22.2661882], [89.1950711, 22.2645778], [89.1944097, 22.2628884], [89.1941721, 22.2623768], [89.1937039, 22.2613424], [89.1934973, 22.2610096], [89.1933766, 22.2607862], [89.1932505, 22.2605379], [89.1931325, 22.2603244], [89.1929877, 22.260101], [89.1928858, 22.259962], [89.1927624, 22.2598081], [89.1924628, 22.259481], [89.1922244, 22.259204], [89.1917458, 22.2585347], [89.1915178, 22.2579712], [89.1913623, 22.2575691], [89.1911423, 22.2566555], [89.191094, 22.2558612], [89.1911316, 22.2551314], [89.1911906, 22.2546398], [89.1914642, 22.2537809], [89.1917056, 22.2532795], [89.1918129, 22.2529865], [89.1918665, 22.2527631], [89.1918987, 22.2524354], [89.1919631, 22.2521227], [89.1921615, 22.2514971], [89.1924673, 22.2510403], [89.1929072, 22.2505239], [89.193213, 22.250236], [89.1935885, 22.2498338], [89.1939425, 22.249377], [89.1942762, 22.248831], [89.1945434, 22.2482698], [89.1948652, 22.2474059], [89.1950583, 22.2467406], [89.1953373, 22.2454794], [89.1957226, 22.2442309], [89.1960668, 22.2433146], [89.1967921, 22.2419003], [89.1972899, 22.2411249], [89.1979068, 22.2402759], [89.1980785, 22.2400226], [89.1989046, 22.2387813], [89.1991138, 22.2384486], [89.1994893, 22.2377833], [89.1995484, 22.2376144], [89.1995805, 22.2374555], [89.1995805, 22.237098], [89.199543, 22.2367405], [89.1994357, 22.2362042], [89.1993713, 22.2360702], [89.1992533, 22.2359361], [89.199087, 22.2358616], [89.1988993, 22.2358418], [89.1986579, 22.2358567], [89.1974187, 22.2360454], [89.1949296, 22.2364327], [89.1941357, 22.2365965], [89.1931137, 22.2368224], [89.1907132, 22.237319], [89.1898763, 22.2374357], [89.1890985, 22.2374903], [89.1883609, 22.2375102], [89.188031, 22.2375201], [89.1878968, 22.23753], [89.187811, 22.23753], [89.1875012, 22.2374791], [89.1871499, 22.2374171], [89.1868441, 22.2373724], [89.1866362, 22.2373587], [89.1864578, 22.2373438], [89.186258, 22.2372954], [89.1860917, 22.2372495], [89.1858959, 22.237206], [89.1857283, 22.2371626], [89.1855848, 22.2371179], [89.185442, 22.2370484], [89.18533, 22.2369875], [89.1852254, 22.236954], [89.1850859, 22.2369143], [89.1850215, 22.2368795], [89.1849558, 22.2368013], [89.1848914, 22.2367355], [89.1847989, 22.2366797], [89.1846608, 22.2365965], [89.1843966, 22.2364115], [89.1841257, 22.2361844], [89.1836965, 22.2357375], [89.1832513, 22.235226], [89.182983, 22.2348884], [89.1828221, 22.2346947], [89.1827095, 22.2344911], [89.1825753, 22.2342081], [89.1824305, 22.2337215], [89.1823071, 22.2331604], [89.1821516, 22.2323013], [89.1821355, 22.2312734], [89.1819745, 22.2301164], [89.1818136, 22.2293964], [89.1817224, 22.2292027], [89.1816312, 22.2291034], [89.1814917, 22.2290141], [89.1809338, 22.2288055], [89.1806602, 22.2287807], [89.1805476, 22.2288055], [89.1804135, 22.2288651], [89.1802955, 22.2289694], [89.1801774, 22.229168], [89.1799951, 22.2295553], [89.1798127, 22.2299774], [89.1796356, 22.2303846], [89.1794586, 22.2308514], [89.179244, 22.2314969], [89.1790187, 22.2321027], [89.1788953, 22.2324106], [89.1787076, 22.2327184], [89.1782248, 22.2334186], [89.177978, 22.2336818], [89.1777581, 22.2338357], [89.1771465, 22.2341187], [89.1768783, 22.2341932], [89.1765886, 22.2342528], [89.1762346, 22.2343025], [89.1759181, 22.2343223], [89.1756767, 22.2343273], [89.1753977, 22.2342876], [89.1753012, 22.2342478], [89.1752368, 22.2342031], [89.1751027, 22.234074], [89.1750705, 22.2340442], [89.1750276, 22.2340244], [89.1749686, 22.2340145], [89.1748989, 22.2340145], [89.1748238, 22.2339996], [89.1747969, 22.2339747], [89.1747594, 22.2339201], [89.1747326, 22.2338655], [89.1746789, 22.2338307], [89.1744751, 22.2337116], [89.1739923, 22.2334235], [89.1735792, 22.2332001], [89.1731125, 22.2328525], [89.1727102, 22.2324553], [89.1724205, 22.2321424], [89.1718626, 22.2312188], [89.1714871, 22.2306825], [89.171176, 22.2302902], [89.1708004, 22.2299128], [89.1704571, 22.2296546], [89.1699582, 22.2293617], [89.1694218, 22.229173], [89.1687781, 22.2290885], [89.1677642, 22.2292027], [89.1670507, 22.2293815], [89.1666055, 22.2295007], [89.1657096, 22.2297738], [89.1653395, 22.2298483], [89.1650605, 22.229893], [89.1627082, 22.2302033], [89.1624159, 22.2302331], [89.1623005, 22.2302381], [89.1622549, 22.2302431], [89.1622147, 22.230248], [89.1621852, 22.2302455], [89.1621543, 22.2302362], [89.1621195, 22.2302313], [89.162094, 22.230235], [89.1620779, 22.2302431], [89.1620618, 22.2302753], [89.1620524, 22.2303138], [89.1620457, 22.2303498], [89.1620269, 22.2304069], [89.1620135, 22.2304342], [89.1619948, 22.2304516], [89.1619847, 22.2304516], [89.1619733, 22.2304516], [89.1619652, 22.2304442], [89.1619545, 22.2304367], [89.1619384, 22.2304243], [89.1618928, 22.2303399], [89.1618606, 22.2302828], [89.1618419, 22.2302654], [89.1618204, 22.230258], [89.1617694, 22.2302604], [89.1617292, 22.2302704], [89.1616541, 22.2302878], [89.1615468, 22.2303026], [89.1614985, 22.2303051], [89.1612464, 22.2302828], [89.1609433, 22.2302505], [89.160879, 22.2302282], [89.1608253, 22.2301959], [89.1607609, 22.2301686], [89.1606885, 22.2301562], [89.1605329, 22.2301512], [89.1604391, 22.2301562], [89.1603908, 22.2301661], [89.1603667, 22.2301636], [89.1603345, 22.2301462], [89.1602969, 22.2301313], [89.1602567, 22.2301214], [89.1602057, 22.2301214], [89.1601735, 22.2301264], [89.1601413, 22.2301214], [89.1600743, 22.2301015], [89.1599134, 22.2300444], [89.159426, 22.2298666], [89.1591623, 22.2297539], [89.1587681, 22.2296223], [89.1585427, 22.2295677], [89.1584891, 22.2295628], [89.1584221, 22.2295603], [89.1583845, 22.2295652], [89.1583577, 22.2295578], [89.1583014, 22.229528], [89.1582826, 22.2295131], [89.1582584, 22.2294957], [89.158237, 22.2294858], [89.1579071, 22.2293989], [89.1577326, 22.2292963], [89.1576523, 22.2292574], [89.1576308, 22.2292425], [89.1576093, 22.2292301], [89.1575879, 22.2292226], [89.1575584, 22.2292226], [89.1574913, 22.2292176], [89.1574082, 22.2291854], [89.1572955, 22.2291183], [89.1572607, 22.229091], [89.1572392, 22.2290637], [89.1572097, 22.2290438], [89.1571802, 22.2290339], [89.1571453, 22.229024], [89.1570139, 22.2289495], [89.1569281, 22.22888], [89.1568932, 22.2288303], [89.156861, 22.2288129], [89.1568154, 22.228803], [89.1567698, 22.2287881], [89.1567323, 22.2287509], [89.1566867, 22.2286938], [89.1566437, 22.228654], [89.1565874, 22.2286267], [89.1565418, 22.2286093], [89.1564935, 22.228592], [89.1564184, 22.2285324], [89.1563728, 22.2284653], [89.1563272, 22.2283958], [89.1562924, 22.2283561], [89.1562495, 22.2283188], [89.1561931, 22.2282791], [89.1561073, 22.2282195], [89.1560134, 22.2281301], [89.155941, 22.2280606], [89.1558176, 22.2279265], [89.1557237, 22.2278372], [89.1556245, 22.227718], [89.1555333, 22.227574], [89.1553831, 22.227245], [89.1552123, 22.2267785], [89.1551363, 22.2266503], [89.155004, 22.2264229], [89.1548167, 22.2263338], [89.1546616, 22.226186], [89.1544846, 22.2260147], [89.1543505, 22.2258161], [89.1542987, 22.2256616], [89.1542908, 22.2256381], [89.1542673, 22.2255678], [89.1542217, 22.2254436], [89.1541842, 22.225317], [89.1541117, 22.2251283], [89.1540527, 22.2249471], [89.1539857, 22.2245845], [89.1539615, 22.224088], [89.153806, 22.2232934], [89.1537175, 22.2227968], [89.1537067, 22.2223201], [89.1536799, 22.2223002], [89.153637, 22.2222977], [89.1535887, 22.2223077], [89.1535243, 22.2223151], [89.1534653, 22.2223201], [89.1534117, 22.2223176], [89.1533285, 22.2222928], [89.1533124, 22.222263], [89.1533098, 22.2222133], [89.1533285, 22.2221314], [89.153358, 22.2220892], [89.1534036, 22.2220693], [89.1534707, 22.2220718], [89.1535431, 22.222119], [89.1535753, 22.2221388], [89.1536182, 22.2221363], [89.1536531, 22.2221115], [89.1536772, 22.2220768], [89.153704, 22.2219998], [89.1537228, 22.2217639], [89.153755, 22.2214957], [89.1537845, 22.2211556], [89.1537952, 22.2211009], [89.1538113, 22.2210562], [89.1538491, 22.22102], [89.1538811, 22.2209917], [89.1539025, 22.2209594], [89.1539267, 22.2209122], [89.1539562, 22.2207906], [89.1539589, 22.2207409], [89.1539535, 22.2206763], [89.1539535, 22.2206341], [89.1539615, 22.2205944], [89.1539709, 22.2205683], [89.1539937, 22.2205509], [89.1540152, 22.2205435], [89.154038, 22.2205261], [89.1540554, 22.2204938], [89.1540601, 22.2204572], [89.1540562, 22.2204256], [89.1540635, 22.2203709], [89.1540849, 22.2203213], [89.1541171, 22.2202766], [89.1541681, 22.2202294], [89.1542888, 22.2201748], [89.154349, 22.2201229], [89.1544068, 22.2200357], [89.154439, 22.2199364], [89.1544658, 22.219852], [89.1544899, 22.2198098], [89.1545359, 22.2197606], [89.1546401, 22.2196558], [89.1547501, 22.2194969], [89.1548434, 22.2193008], [89.154911, 22.2191418], [89.1549861, 22.2189531], [89.1550934, 22.2187296], [89.1551954, 22.2186313], [89.1552758, 22.2186005], [89.1553831, 22.2185558], [89.1554636, 22.2185111], [89.1555475, 22.2184174], [89.155603, 22.2183324], [89.155603, 22.2182529], [89.155603, 22.2181933], [89.1556513, 22.2181436], [89.1557425, 22.2181188], [89.1560107, 22.2180592], [89.1561241, 22.2179936], [89.1561931, 22.2179301], [89.1562521, 22.2178357], [89.1563155, 22.217718], [89.1563863, 22.2176321], [89.1565678, 22.2174918], [89.1571855, 22.2170814], [89.1579234, 22.2166337], [89.1585678, 22.2163285], [89.1591487, 22.2161089], [89.1597663, 22.2159297], [89.1605973, 22.2157649], [89.1609299, 22.2156854], [89.1611069, 22.2156308], [89.1613162, 22.2155463], [89.1614449, 22.2155066], [89.1615951, 22.2154669], [89.1619706, 22.2154371], [89.1622657, 22.2154222], [89.1626412, 22.2153924], [89.163065, 22.2153427], [89.1636121, 22.2152086], [89.1648875, 22.2147766], [89.165275, 22.2146582], [89.1663578, 22.214303], [89.1675249, 22.213903], [89.1680864, 22.2136817], [89.1686761, 22.2134506], [89.1690516, 22.2131973], [89.1693467, 22.212949], [89.1694701, 22.2127801], [89.1695827, 22.2125418], [89.1697115, 22.212214], [89.169749, 22.2119607], [89.1697168, 22.2114243], [89.1696578, 22.2112058], [89.1695827, 22.2109823], [89.1694486, 22.210734], [89.1689868, 22.2103112], [89.1684246, 22.2098372], [89.1678077, 22.2094393], [89.1670883, 22.209105], [89.1661743, 22.2089368], [89.165436, 22.2088915], [89.1646421, 22.2089709], [89.1629501, 22.2090766], [89.1624373, 22.2090504], [89.1615736, 22.2089709], [89.1610801, 22.208812], [89.1603613, 22.2085041], [89.1592401, 22.2077393], [89.1588646, 22.2074015], [89.1586125, 22.2071383], [89.1583121, 22.2068204], [89.1580063, 22.2066367], [89.1578561, 22.2065274], [89.1577113, 22.206448], [89.1575718, 22.2063983], [89.1574162, 22.2063685], [89.1571909, 22.2063387], [89.1564679, 22.2062425], [89.1551965, 22.2059449], [89.1546482, 22.2058023], [89.1541332, 22.2056583], [89.1527653, 22.2051616], [89.1522181, 22.2049431], [89.150936, 22.2043968], [89.1496003, 22.2038604], [89.148066, 22.2032892], [89.1475618, 22.2030856], [89.1465855, 22.2026634], [89.1464782, 22.2026137], [89.1464245, 22.2025839], [89.1463602, 22.202569], [89.1462529, 22.2025541], [89.1460544, 22.2025243], [89.1459203, 22.2024747], [89.1458452, 22.202425], [89.145813, 22.2023803], [89.1457647, 22.2023356], [89.1456842, 22.2022959], [89.1454965, 22.2022313], [89.14518, 22.2021121], [89.145062, 22.2020724], [89.1450213, 22.2020535], [89.1449547, 22.2020227], [89.1449064, 22.201983], [89.1447777, 22.2018985], [89.1443968, 22.2016254], [89.1436325, 22.2010569], [89.1425426, 22.2002011], [89.1418004, 22.1995691], [89.1409643, 22.1987431], [89.1402823, 22.1981983], [89.1392952, 22.1974831], [89.1387373, 22.1971602], [89.1381848, 22.1969566], [89.1374736, 22.1966428], [89.1373557, 22.1965753], [89.1372694, 22.1965393], [89.1372366, 22.1965269], [89.1372099, 22.1965247], [89.1371941, 22.1965247], [89.1371697, 22.1965359], [89.1371309, 22.1965618], [89.137098, 22.1965798], [89.1370798, 22.1965843], [89.1370677, 22.1965821], [89.1370616, 22.1965765], [89.1370567, 22.1965663], [89.1370592, 22.1965562], [89.1370774, 22.1965281], [89.1370956, 22.1964909], [89.1370968, 22.1964741], [89.1370908, 22.1964639], [89.1370847, 22.1964594], [89.1370652, 22.1964561], [89.137047, 22.1964527], [89.1370312, 22.1964504], [89.1369498, 22.1964268], [89.1367687, 22.1963705], [89.1362753, 22.1962108], [89.1361465, 22.1961567], [89.136093, 22.1961219], [89.1360565, 22.1960881], [89.1360298, 22.19606], [89.1360116, 22.1960476], [89.135986, 22.1960341], [89.1359131, 22.1959958], [89.1357807, 22.1959373], [89.1356664, 22.1958676], [89.1355801, 22.1958045], [89.1355206, 22.1957539], [89.1354683, 22.1957168], [89.1354355, 22.195701], [89.1353857, 22.195674], [89.1353286, 22.1956403], [89.1353025, 22.1956133], [89.1352854, 22.1955916], [89.1352755, 22.1955725], [89.135267, 22.195562], [89.1352535, 22.1955555], [89.1352436, 22.1955535], [89.1352365, 22.1955522], [89.1352159, 22.1955397], [89.1351989, 22.1955266], [89.1351833, 22.19552], [89.1351748, 22.1955193], [89.1351705, 22.1955246], [89.135167, 22.1955338], [89.1351656, 22.1955495], [89.135162, 22.1955752], [89.135145, 22.1956271], [89.1351244, 22.1956743], [89.1350996, 22.1957381], [89.1350861, 22.1957893], [89.1350698, 22.19583], [89.1350443, 22.1958701], [89.1350287, 22.1958852], [89.1350038, 22.1958983], [89.1349797, 22.1959023], [89.1349627, 22.1959003], [89.1349414, 22.1958904], [89.1349293, 22.1958806], [89.134913, 22.1958642], [89.134896, 22.1958399], [89.1348875, 22.1958188], [89.1348783, 22.1958083], [89.1348712, 22.1958037], [89.1348648, 22.1958004], [89.1348563, 22.1958037], [89.1348456, 22.1958116], [89.1348329, 22.1958234], [89.1347967, 22.1958385], [89.1347669, 22.1958438], [89.1347257, 22.1958366], [89.1346967, 22.1958234], [89.1346591, 22.1957945], [89.1346442, 22.1957742], [89.1346293, 22.1957361], [89.1346144, 22.1956914], [89.1345938, 22.1956415], [89.1345754, 22.1955896], [89.1345661, 22.1955344], [89.1345718, 22.1955095], [89.1345817, 22.1954917], [89.134603, 22.1954727], [89.1346215, 22.1954655], [89.1346626, 22.1954615], [89.1346889, 22.1954701], [89.1347243, 22.1954977], [89.1347506, 22.1955331], [89.1347541, 22.1955594], [89.1347612, 22.1955725], [89.1347711, 22.1955791], [89.1347967, 22.195587], [89.1348222, 22.1955817], [89.1348463, 22.1955673], [89.1348719, 22.1955541], [89.1349003, 22.1955502], [89.13493, 22.1955502], [89.1349655, 22.1955502], [89.1349939, 22.1955423], [89.1350138, 22.1955239], [89.1350329, 22.1954891], [89.1350407, 22.1954602], [89.1350499, 22.1954274], [89.1350485, 22.1953991], [89.1350443, 22.1953893], [89.1350336, 22.1953794], [89.1350123, 22.1953676], [89.1349911, 22.1953597], [89.1349797, 22.1953538], [89.1349698, 22.1953407], [89.134962, 22.1953229], [89.1349535, 22.1953039], [89.1349357, 22.1952908], [89.1349222, 22.1952868], [89.134585, 22.1949739], [89.134226, 22.1945055], [89.1339952, 22.1941801], [89.133845, 22.1939367], [89.1336089, 22.1935394], [89.1333514, 22.1930725], [89.1330709, 22.1925298], [89.1322678, 22.1913688], [89.1317046, 22.1906287], [89.1307632, 22.1893993], [89.1304037, 22.1888827], [89.1297868, 22.1879514], [89.129532, 22.1875664], [89.1290519, 22.1868685], [89.1287756, 22.1865059], [89.1285101, 22.1862054], [89.1282123, 22.1858552], [89.1277805, 22.185428], [89.1269141, 22.1846581], [89.1266566, 22.1844693], [89.1262141, 22.1842582], [89.1259646, 22.1841688], [89.1257393, 22.1841316], [89.125396, 22.1840943], [89.1251144, 22.1841291], [89.1249159, 22.1842036], [89.124763, 22.184293], [89.1243392, 22.1846656], [89.1241515, 22.1848767], [89.1239637, 22.1851474], [89.1237894, 22.1854454], [89.123615, 22.1857733], [89.1232422, 22.1864463], [89.1228238, 22.1871293], [89.1223919, 22.1878297], [89.1219521, 22.1885325], [89.1214317, 22.1894366], [89.1210106, 22.190127], [89.1208497, 22.1904201], [89.1204125, 22.1911005], [89.1199297, 22.191868], [89.1196883, 22.1922405], [89.1193315, 22.19269], [89.1191009, 22.1929458], [89.118602, 22.1934723], [89.1180736, 22.1939938], [89.1175318, 22.1945501], [89.1170838, 22.1949897], [89.1165099, 22.1955634], [89.1162604, 22.1958241], [89.1159868, 22.1961271], [89.1156006, 22.1965717], [89.1153941, 22.1968225], [89.1152787, 22.1969988], [89.1151419, 22.1972571], [89.1149381, 22.1976222], [89.1148254, 22.1978531], [89.1147423, 22.1980791], [89.1145599, 22.1986255], [89.1144392, 22.1990054], [89.114238, 22.1996486], [89.1140771, 22.2002198], [89.1137955, 22.2011684], [89.1136157, 22.2019085], [89.1134468, 22.2025517], [89.1132456, 22.2031675], [89.1130578, 22.2037014], [89.1129586, 22.2040516], [89.1129023, 22.2043421], [89.1128299, 22.2050548], [89.1128057, 22.2055813], [89.1127762, 22.2060779], [89.1127467, 22.2065324], [89.1127628, 22.2069049], [89.1127816, 22.2073568], [89.1128781, 22.2080819], [89.1130123, 22.208812], [89.1130713, 22.2091373], [89.1131946, 22.2099717], [89.1132697, 22.2104658], [89.11331, 22.2107911], [89.1133207, 22.2111462], [89.1133153, 22.2113672], [89.1132697, 22.2117894], [89.1132027, 22.2120253], [89.1130578, 22.2124101], [89.1128969, 22.212728], [89.1127279, 22.2129862], [89.1124651, 22.2132793], [89.1122693, 22.2134357], [89.1120279, 22.2135872], [89.1117597, 22.2137113], [89.1115183, 22.2137833], [89.1112527, 22.2138429], [89.1107082, 22.2139025], [89.1103823, 22.21391], [89.1099572, 22.2139], [89.1094784, 22.2138529], [89.1090305, 22.2137635], [89.1087033, 22.2136865], [89.108545, 22.2136405], [89.108309, 22.2135536], [89.1079777, 22.2134096], [89.1077524, 22.2133078], [89.1072991, 22.2130707], [89.1068003, 22.2127801], [89.1063429, 22.2124598], [89.1060197, 22.2122239], [89.1056509, 22.2119371], [89.1052996, 22.2116453], [89.105085, 22.2114566], [89.1049522, 22.2113349], [89.1047524, 22.2111326], [89.104625, 22.2110171], [89.1043594, 22.2107911], [89.1041972, 22.2106521], [89.1040309, 22.2104956], [89.1038659, 22.210333], [89.1036393, 22.2101293], [89.1033724, 22.2099071], [89.1028172, 22.2094899], [89.1026133, 22.2093558], [89.1023371, 22.2092019], [89.1020367, 22.2090703], [89.1014975, 22.2088344], [89.1011381, 22.2086903], [89.1003361, 22.208447], [89.0998077, 22.2082657], [89.0995342, 22.2081664], [89.0992981, 22.2080397], [89.0990943, 22.2078982], [89.0987188, 22.2076126], [89.0984425, 22.2073469], [89.0982869, 22.2071259], [89.0981501, 22.2068999], [89.098075, 22.2067137], [89.0980107, 22.2064802], [89.0979382, 22.2061996], [89.0978926, 22.2058942], [89.0978712, 22.2055763], [89.09789, 22.2052014], [89.0979302, 22.204804], [89.0979651, 22.2045135], [89.0980402, 22.2040367], [89.0981609, 22.2034506], [89.0982521, 22.2028397], [89.098362, 22.2020749], [89.0984371, 22.2015658], [89.0984639, 22.2012504], [89.0984774, 22.2009896], [89.0984559, 22.200791], [89.098421, 22.2006271], [89.0982842, 22.2002645], [89.0981501, 22.2000286], [89.0979516, 22.1997405], [89.097788, 22.1995443], [89.0973374, 22.1990874], [89.096683, 22.1983274], [89.0960821, 22.1976495], [89.0955403, 22.1970659], [89.0953419, 22.1968697], [89.0950656, 22.1966313], [89.0945882, 22.1962563], [89.0938264, 22.1957645], [89.0931532, 22.1953821], [89.092252, 22.1949823], [89.0915814, 22.1946544], [89.0907258, 22.1942993], [89.0899265, 22.1940311], [89.0892398, 22.193748], [89.0888804, 22.193589], [89.0885063, 22.1933903], [89.0883641, 22.1933171], [89.0882407, 22.1932389], [89.0880221, 22.1930774], [89.0878773, 22.1929793], [89.0877914, 22.1929284], [89.0876962, 22.19288], [89.0873918, 22.1927459], [89.0870458, 22.1925882], [89.086858, 22.1925261], [89.0867574, 22.192505], [89.08663, 22.1924926], [89.0864758, 22.1925], [89.0862599, 22.1925137], [89.0860561, 22.1925273], [89.0858455, 22.1925522], [89.0857355, 22.1925695], [89.0855719, 22.1926192], [89.0854096, 22.1927049], [89.0853091, 22.1927757], [89.0851817, 22.1928999], [89.0851293, 22.1929793], [89.0850958, 22.1930476], [89.0850623, 22.1931395], [89.0850288, 22.1932289], [89.0849993, 22.1932873], [89.0849429, 22.1933605], [89.084837, 22.1934487], [89.0847753, 22.1935058], [89.0847069, 22.1935828], [89.0846667, 22.1936573], [89.084558, 22.1939293], [89.0845017, 22.1940944], [89.0844534, 22.1942471], [89.084428, 22.1943527], [89.0844119, 22.1944483], [89.0843877, 22.1945849], [89.0843207, 22.1948469], [89.084259, 22.1950717], [89.084157, 22.1953436], [89.0840766, 22.1955286], [89.0839452, 22.195772], [89.0838218, 22.1959992], [89.0835938, 22.1963357], [89.0833336, 22.1966437], [89.0828723, 22.197051], [89.0823841, 22.1974036], [89.0821508, 22.1975427], [89.0817404, 22.1977215], [89.0814641, 22.1977861], [89.0810162, 22.1978457], [89.0807077, 22.197863], [89.0804878, 22.1978531], [89.0803644, 22.1978258], [89.0801793, 22.1977612], [89.0796778, 22.1975154], [89.0794766, 22.1974291], [89.0793559, 22.1974104], [89.0792774, 22.1974135], [89.0791903, 22.1974427], [89.0791413, 22.1974775], [89.0791024, 22.1975352], [89.0790689, 22.1976073], [89.0789951, 22.1977488], [89.0789375, 22.197837], [89.0788677, 22.1979127], [89.0787712, 22.1980021], [89.0783393, 22.1983473], [89.0780765, 22.1985286], [89.0777332, 22.1987198], [89.0771484, 22.1990054], [89.0767997, 22.1991619], [89.0761641, 22.1994773], [89.0757349, 22.1997628], [89.0753111, 22.2001329], [89.0750644, 22.2003862], [89.0748712, 22.200637], [89.0746379, 22.2010592], [89.0733142, 22.2011895], [89.0732861, 22.201125], [89.0732297, 22.2010865], [89.0731587, 22.2010629], [89.0730232, 22.2010517], [89.0728683, 22.2010697], [89.0706682, 22.1994549], [89.0695287, 22.1986895], [89.0667495, 22.1966933], [89.0680718, 22.1943999], [89.0681067, 22.1943117], [89.0682998, 22.1937082], [89.0683722, 22.193594], [89.068619, 22.1930824], [89.0687022, 22.192916], [89.0687531, 22.1927446], [89.0688068, 22.1923945], [89.0688926, 22.1914706], [89.0688806, 22.1908597], [89.0687263, 22.189824], [89.0685412, 22.1892354], [89.0675314, 22.1868338], [89.06672, 22.1854529], [89.0666154, 22.1853063], [89.0664411, 22.1851424], [89.0662855, 22.1849686], [89.065973, 22.1845265], [89.0654379, 22.1835429], [89.0647379, 22.1824079], [89.0644455, 22.1819584], [89.0635885, 22.1806171], [89.0635436, 22.180547], [89.0631554, 22.179882], [89.0631071, 22.179836], [89.0630152, 22.1797969], [89.0621871, 22.1796733], [89.0616855, 22.1796584], [89.061369, 22.1796994], [89.0611638, 22.1797615], [89.0608433, 22.1798931], [89.0605335, 22.1800645], [89.0600601, 22.1804632], [89.0593278, 22.1809798], [89.059073, 22.1812654], [89.05866, 22.1816057], [89.0583891, 22.1817671], [89.0575844, 22.1822763], [89.0568227, 22.1826538], [89.0566134, 22.1828053], [89.0562272, 22.183081], [89.0555271, 22.1836001], [89.0548593, 22.1840049], [89.0546823, 22.1841763], [89.0545776, 22.184288], [89.0545079, 22.1844942], [89.0543872, 22.1849139], [89.0543443, 22.1851797], [89.0541485, 22.1855671], [89.0538508, 22.1861657], [89.053773, 22.186342], [89.0537193, 22.1865631], [89.0537167, 22.1868213], [89.0537569, 22.1872311], [89.0538669, 22.1879092], [89.0538695, 22.1886542], [89.0539151, 22.189141], [89.0539473, 22.1892428], [89.0540734, 22.1894515], [89.0544435, 22.1899171], [89.0544409, 22.1899606], [89.0544221, 22.1899966], [89.0542102, 22.1900537], [89.054178, 22.1900724], [89.0541713, 22.1901146], [89.0542638, 22.1902909], [89.0542933, 22.1903046], [89.0543255, 22.190312], [89.054583, 22.1902499], [89.0546434, 22.1902549], [89.0546863, 22.1902859], [89.0547949, 22.1905542], [89.0549183, 22.1909664], [89.0550658, 22.1912744], [89.0553662, 22.1918108], [89.0553555, 22.191858], [89.0553018, 22.1918853], [89.055047, 22.1919723], [89.0550283, 22.1919872], [89.0550202, 22.1920741], [89.055216, 22.1924665], [89.055334, 22.1926602], [89.0553796, 22.192695], [89.0555003, 22.1927123], [89.0556639, 22.1926403], [89.055908, 22.1924218], [89.0563452, 22.1921238], [89.057225, 22.1915774], [89.057579, 22.1913787], [89.0581691, 22.1912992], [89.0591776, 22.1911403], [89.0599287, 22.1909068], [89.0605402, 22.1909565], [89.0607977, 22.1910459], [89.0610284, 22.191334], [89.0612912, 22.1917562], [89.0618759, 22.192685], [89.0620047, 22.193137], [89.06201, 22.1935245], [89.0619403, 22.1939019], [89.061833, 22.1941453], [89.0616091, 22.1943869], [89.0610713, 22.1946172], [89.0603068, 22.1948755], [89.0601298, 22.1949674], [89.0600145, 22.1951387], [89.0599447, 22.1952877], [89.0597838, 22.1955808], [89.0594566, 22.1965791], [89.0591884, 22.1968771], [89.0588504, 22.197041], [89.0584212, 22.1972099], [89.0577346, 22.1973838], [89.0572332, 22.1975305], [89.0566134, 22.1978357], [89.0564418, 22.1979003], [89.0562057, 22.1979574], [89.0553957, 22.1981412], [89.055039, 22.1982678], [89.0544328, 22.1985609], [89.0541217, 22.1987769], [89.0538427, 22.1990749], [89.0536576, 22.1994077], [89.0536121, 22.1996188], [89.0536469, 22.2000609], [89.0538964, 22.200709], [89.05406, 22.2013671], [89.0540332, 22.2018091], [89.0539741, 22.2020873], [89.0538025, 22.202718], [89.0534216, 22.2036518], [89.0530032, 22.2042403], [89.0528047, 22.2044514], [89.0525633, 22.2045855], [89.0521771, 22.2046699], [89.0517908, 22.2046898], [89.0513724, 22.2045408], [89.0506482, 22.2041782], [89.0496612, 22.2035127], [89.0487653, 22.2029564], [89.0480196, 22.2024697], [89.0473759, 22.2021767], [89.0471452, 22.2022015], [89.0469173, 22.2022661], [89.0466678, 22.2025243], [89.0465766, 22.2029093], [89.0465417, 22.2041931], [89.0465498, 22.2047345], [89.0464586, 22.2050673], [89.0463513, 22.2052808], [89.046126, 22.2057204], [89.0456513, 22.2066143], [89.0451389, 22.2073171], [89.0448707, 22.2075605], [89.0445435, 22.2077393], [89.044168, 22.2078435], [89.043889, 22.2078783], [89.0435967, 22.207856], [89.0430737, 22.2076399], [89.0426767, 22.207337], [89.0424997, 22.2071433], [89.0419257, 22.2064182], [89.0417486, 22.2061996], [89.0414295, 22.2060184], [89.0408944, 22.2058396], [89.0404263, 22.2058048], [89.0390718, 22.2059016], [89.0374142, 22.2061301], [89.0368026, 22.2062145], [89.0352148, 22.2064157], [89.0347427, 22.2065274], [89.0344477, 22.206664], [89.0342545, 22.2067956], [89.0341151, 22.2069645], [89.033989, 22.2072538], [89.0339085, 22.2075158], [89.0338978, 22.2077566], [89.0339273, 22.2079677], [89.0346488, 22.2093571], [89.0348124, 22.2097755], [89.0348473, 22.2100884], [89.0348393, 22.2103814], [89.0348151, 22.2106098], [89.0346488, 22.2111239], [89.0345737, 22.211258], [89.0342988, 22.2116838], [89.0340494, 22.2120029], [89.0338308, 22.2122413], [89.033529, 22.2126051], [89.0333185, 22.2128869], [89.033014, 22.2133451], [89.0328102, 22.2136828], [89.032542, 22.2141074], [89.0321919, 22.2144513], [89.0318915, 22.2147493], [89.0317172, 22.2149479], [89.0315428, 22.2150981], [89.0314811, 22.2151192], [89.0314074, 22.2151205], [89.0311499, 22.2150559], [89.0305062, 22.2147766], [89.0299724, 22.2144575], [89.0295258, 22.2141732], [89.0292938, 22.2140441], [89.02899, 22.2139112], [89.0289652, 22.2138889], [89.0289525, 22.2138522], [89.0289572, 22.2137622], [89.0289297, 22.213679], [89.0288995, 22.2136523], [89.0288593, 22.2136436], [89.0286621, 22.2136418], [89.0286273, 22.2136691], [89.0286179, 22.2137107], [89.0286179, 22.213779], [89.0285948, 22.213846], [89.0285374, 22.2138913], [89.0279487, 22.2141186], [89.0272433, 22.214419], [89.0267631, 22.2147815], [89.0265217, 22.2149876], [89.026165, 22.2152086], [89.0257989, 22.2153626], [89.0253925, 22.2154793], [89.0250036, 22.2155563], [89.0246227, 22.2155985], [89.0241212, 22.2156432], [89.0239012, 22.2156333], [89.0235847, 22.2156159], [89.0230094, 22.2155761], [89.0219942, 22.2154123], [89.0211707, 22.2152757], [89.0209535, 22.2152384], [89.0200254, 22.2149727], [89.018522, 22.2143706], [89.017934, 22.2141142], [89.0178093, 22.2140844], [89.0176329, 22.2140205], [89.0174851, 22.213933], [89.0174539, 22.2139208], [89.0172775, 22.2138541], [89.0172252, 22.2138268], [89.0172118, 22.2138057], [89.0172078, 22.2137647], [89.0171742, 22.2137051], [89.016725, 22.2134953], [89.0166539, 22.2134568], [89.0164983, 22.2132867], [89.0162864, 22.2130024], [89.0161872, 22.2128646], [89.0158519, 22.2119532], [89.0157272, 22.2116006], [89.0157017, 22.211479], [89.0156776, 22.2112418], [89.0156803, 22.2109612], [89.0156266, 22.2107415], [89.0155153, 22.210472], [89.015518, 22.210436], [89.0155314, 22.2104013], [89.0159049, 22.2103261], [89.0159069, 22.2103032], [89.0159056, 22.2102783], [89.0158908, 22.2102659], [89.0154264, 22.2103314], [89.015398, 22.2103311], [89.0153765, 22.2103164], [89.0151626, 22.2099766], [89.0149882, 22.2095899], [89.0149708, 22.209521], [89.0149266, 22.2094576], [89.014881, 22.2094514], [89.0147978, 22.2094725], [89.0130235, 22.2102038], [89.0128157, 22.2102752], [89.0125964, 22.2103174], [89.0124314, 22.2103305], [89.0122933, 22.2103119], [89.0121639, 22.2102634], [89.0120479, 22.210202], [89.0118983, 22.2101815], [89.0116878, 22.2101927], [89.0108804, 22.2103739], [89.0102649, 22.2105391], [89.0099725, 22.2106781], [89.0094227, 22.2108731], [89.0087146, 22.2110817], [89.00815, 22.2112431], [89.007116, 22.2114889], [89.0067619, 22.2115932], [89.0062677, 22.2116869], [89.0059479, 22.2116975], [89.0058607, 22.2116981], [89.005805, 22.2117204], [89.0057668, 22.2117757], [89.0057065, 22.2118427], [89.0055804, 22.2119222], [89.0053806, 22.2119744], [89.0050614, 22.2120302], [89.0046886, 22.2120625], [89.004482, 22.2120675], [89.0042245, 22.2120377], [89.0039764, 22.2119793], [89.0037793, 22.2118564], [89.0037122, 22.2118216], [89.0036277, 22.2118216], [89.0034615, 22.2118403], [89.0030806, 22.2118775], [89.0029357, 22.2119048], [89.0027721, 22.2119681], [89.0023631, 22.212101], [89.0023242, 22.2120985], [89.0022665, 22.2120724], [89.0022182, 22.2120091], [89.0021941, 22.2119657], [89.002064, 22.2116491], [89.0019943, 22.2116565], [89.0019038, 22.2116751], [89.0018173, 22.2116888], [89.0017113, 22.2117074], [89.0015303, 22.2117347], [89.0010434, 22.2117198], [89.0009227, 22.2117496], [89.000845, 22.2118092], [89.0006907, 22.2120675], [89.000558, 22.2123121], [89.000456, 22.2124213], [89.0002683, 22.2125405], [89.0000322, 22.212651], [88.9997318, 22.2127926], [88.9993376, 22.2129614], [88.9991176, 22.2130309], [88.9989996, 22.2130359], [88.9988789, 22.2130235], [88.9986911, 22.2129987], [88.9983666, 22.2129838], [88.9978798, 22.21298], [88.9976464, 22.2129751], [88.9971703, 22.2130148], [88.9969986, 22.2129912], [88.9960813, 22.2119657], [88.9958735, 22.2110829], [88.9957957, 22.2109451], [88.9957018, 22.2108681], [88.9946544, 22.2105056], [88.9931175, 22.2098922], [88.9922029, 22.2094427], [88.99113, 22.208812], [88.9904527, 22.2084805], [88.9899485, 22.2082905], [88.9896977, 22.2081912], [88.9893222, 22.2080124], [88.9890432, 22.2078932], [88.988834, 22.2077839], [88.9886999, 22.2077095], [88.9885497, 22.2076052], [88.9882976, 22.2074164], [88.987965, 22.2072029], [88.9877504, 22.2070837], [88.9873534, 22.2069496], [88.9866587, 22.2065696], [88.9864522, 22.2064529], [88.9863422, 22.2063784], [88.9861411, 22.2062543], [88.9858836, 22.2060283], [88.9858058, 22.2059886], [88.985492, 22.2058967], [88.9841455, 22.2058271], [88.9827172, 22.2058947], [88.9805885, 22.2062091], [88.9791727, 22.2065523], [88.9784056, 22.2068304], [88.9773005, 22.2074313], [88.9764021, 22.2078807], [88.9575212, 22.2071895], [88.9595221, 22.2026055], [88.9610592, 22.1989736], [88.9611914, 22.1982374], [88.9612669, 22.1976111], [88.9613199, 22.1966164], [88.9613092, 22.1958912], [88.9612274, 22.1951561], [88.9610919, 22.1944595], [88.9609842, 22.1940729], [88.9609703, 22.1938974], [88.9603321, 22.1933013], [88.9600618, 22.1930407], [88.959801, 22.1928625], [88.9596512, 22.1927747], [88.9594417, 22.1927098], [88.9581536, 22.1926354], [88.9580972, 22.1926068], [88.9580637, 22.1925689], [88.9581697, 22.1921437], [88.9575326, 22.1919679], [88.957481, 22.192116], [88.9574454, 22.1922846], [88.9573046, 22.1922783], [88.9569881, 22.1922033], [88.9565027, 22.1920344], [88.9557061, 22.1919202], [88.9543918, 22.1917761], [88.9534744, 22.1916122], [88.9522212, 22.1914743], [88.9517753, 22.1915041], [88.951444, 22.1915811], [88.9510685, 22.1916767], [88.9505911, 22.1917674], [88.9498441, 22.1917115], [88.9493982, 22.1917494], [88.9492024, 22.1917972], [88.9490414, 22.1918009], [88.9487994, 22.1918282], [88.9485043, 22.1918903], [88.9481731, 22.1920132], [88.9479545, 22.192094], [88.9476554, 22.1921026], [88.9472571, 22.1921858], [88.9467957, 22.1923361], [88.9463103, 22.1924746], [88.9450449, 22.1927316], [88.9438399, 22.1930352], [88.943333, 22.1930874], [88.9429977, 22.1930377], [88.9424908, 22.1929036], [88.9419812, 22.1927198], [88.9409485, 22.192007], [88.9406361, 22.1916668], [88.9403477, 22.1912632], [88.9401077, 22.1907913], [88.9400486, 22.1903791], [88.9401036, 22.1897172], [88.9402793, 22.1892292], [88.9405033, 22.1887908], [88.9409244, 22.1883488], [88.941367, 22.1878955], [88.9418457, 22.1874187], [88.9422118, 22.1870051], [88.9426008, 22.1866525], [88.9429977, 22.1863271], [88.9435261, 22.1858925], [88.94384, 22.1856702], [88.9444971, 22.1851449], [88.9448136, 22.1847773], [88.9449584, 22.1845041], [88.9448753, 22.1842905], [88.9447117, 22.1841266], [88.9444837, 22.1840148], [88.9436334, 22.1837317], [88.942346, 22.1834585], [88.9414045, 22.1833418], [88.9407527, 22.1832946], [88.939936, 22.1831828], [88.939598, 22.1831542], [88.9392614, 22.1831133], [88.9389489, 22.1830152], [88.9387196, 22.1829692], [88.9384246, 22.1829357], [88.9380222, 22.1828512], [88.9378546, 22.1827867], [88.9376427, 22.1827097], [88.937459, 22.1826861], [88.9372524, 22.1826265], [88.9367536, 22.1824551], [88.9365953, 22.1824054], [88.9364558, 22.1823806], [88.9362198, 22.1823086], [88.9359435, 22.1821819], [88.9356753, 22.1820676], [88.9355036, 22.1819832], [88.9353159, 22.1818093], [88.9351094, 22.1816131], [88.9348599, 22.1814393], [88.9346601, 22.1813548], [88.9346381, 22.1813449], [88.9344871, 22.1812766], [88.9343181, 22.1811574], [88.9340472, 22.1809102], [88.933728, 22.1806768], [88.9334893, 22.1804011], [88.9333123, 22.1801825], [88.9332023, 22.1798894], [88.9330709, 22.1796286], [88.9329368, 22.1794498], [88.9326578, 22.1789655], [88.9323789, 22.1783048], [88.9321402, 22.177808], [88.9320302, 22.1777236], [88.9318827, 22.1777186], [88.9316815, 22.1777782], [88.9313757, 22.1779024], [88.9311209, 22.1781036], [88.9306059, 22.1784513], [88.9303082, 22.1785581], [88.9300588, 22.1786997], [88.9298254, 22.1789133], [88.9294687, 22.1790598], [88.9289403, 22.1792138], [88.9284682, 22.1794523], [88.9280042, 22.1796932], [88.9276314, 22.1798273], [88.9272076, 22.1798944], [88.9266322, 22.1799838], [88.9259697, 22.1798708], [88.9252227, 22.1795963], [88.9214837, 22.1745394], [88.9207059, 22.1711414], [88.9204605, 22.1704112], [88.9204135, 22.1700547], [88.9203572, 22.169969], [88.9202821, 22.169856], [88.9200702, 22.1694623], [88.9199173, 22.1692735], [88.919912, 22.1691518], [88.9199495, 22.1690525], [88.9199924, 22.1688438], [88.9200648, 22.1686848], [88.9201587, 22.1686029], [88.9201721, 22.1683955], [88.9200863, 22.1681024], [88.9199012, 22.1678999], [88.9192454, 22.1673845], [88.9191918, 22.1673286], [88.9191985, 22.1672889], [88.9193675, 22.1670864], [88.9193769, 22.167007], [88.9193581, 22.1669324], [88.9190872, 22.1664319], [88.9188618, 22.1660655], [88.9187331, 22.1658929], [88.918603, 22.1657761], [88.9183616, 22.1657513], [88.9179539, 22.1657066], [88.9177125, 22.1657066], [88.9174121, 22.1657364], [88.9170742, 22.1657861], [88.9165216, 22.1658606], [88.9158296, 22.1660394], [88.9148587, 22.1663524], [88.9139843, 22.1667399], [88.9133835, 22.1670231], [88.9125788, 22.1674752], [88.9123428, 22.1676143], [88.9118559, 22.1679645], [88.9117004, 22.168039], [88.9114617, 22.1682353], [88.911345, 22.1683557], [88.9112645, 22.1684923], [88.9111894, 22.1686165], [88.911066, 22.1687606], [88.9107965, 22.1689779], [88.9106101, 22.1691146], [88.9104169, 22.1692251], [88.910256, 22.1693766], [88.9099375, 22.1698703], [88.9097933, 22.1701106], [88.9095479, 22.1703764], [88.9090276, 22.1710222], [88.9088244, 22.1713283], [88.9085193, 22.1717214], [88.9084469, 22.1718493], [88.9083221, 22.1719785], [88.9081263, 22.1721275], [88.9080566, 22.1721958], [88.9080298, 22.172279], [88.908062, 22.1725473], [88.908007, 22.1727348], [88.9078232, 22.1728702], [88.9075416, 22.1730341], [88.9070025, 22.1736886], [88.9065385, 22.1741618], [88.906104, 22.1747852], [88.9055139, 22.1754087], [88.9052369, 22.1756949], [88.9051464, 22.1757254], [88.9050498, 22.1757564], [88.9048728, 22.1759204], [88.9047374, 22.1760644], [88.9046314, 22.1761402], [88.9044329, 22.1762557], [88.9042774, 22.1764755], [88.9041781, 22.1765177], [88.9039823, 22.1765252], [88.903867, 22.1765599], [88.9037208, 22.1766245], [88.9036175, 22.1767102], [88.9033936, 22.1769002], [88.9031777, 22.1769971], [88.9027861, 22.1771858], [88.9024347, 22.1772852], [88.9018339, 22.177628], [88.9013913, 22.1777248], [88.9010989, 22.1778503], [88.900482, 22.1780986], [88.8996666, 22.1783172], [88.8989559, 22.1783594], [88.8987467, 22.1783694], [88.8984677, 22.1784439], [88.8980815, 22.1784265], [88.8976295, 22.1783843], [88.8972688, 22.1783147], [88.8968839, 22.1782862], [88.8964319, 22.178162], [88.8962589, 22.1781197], [88.896165, 22.1781086], [88.8959303, 22.178044], [88.8955414, 22.1780378], [88.8952423, 22.1779819], [88.8946938, 22.1777894], [88.894199, 22.1775783], [88.8935646, 22.1774094], [88.8933114, 22.1772545], [88.893047, 22.1770927], [88.8926567, 22.1768269], [88.8920787, 22.1764693], [88.891388, 22.1759824], [88.8910934, 22.1757623], [88.8905766, 22.1754882], [88.8904184, 22.1753727], [88.8903111, 22.1752982], [88.8901971, 22.1752212], [88.8901052, 22.1751535], [88.8899785, 22.1750547], [88.8897773, 22.174897], [88.8896808, 22.1748126], [88.8895748, 22.1747008], [88.8894843, 22.174617], [88.889377, 22.1744915], [88.8892986, 22.1743916], [88.8890223, 22.1741469], [88.8888278, 22.1739072], [88.8885127, 22.1735707], [88.8883746, 22.1733657], [88.8880205, 22.1728479], [88.8875592, 22.1721449], [88.8871917, 22.1714842], [88.8867143, 22.1703689], [88.8863683, 22.1689953], [88.8861617, 22.1682626], [88.8863646, 22.1649265], [88.8868162, 22.1644546], [88.8871461, 22.1639057], [88.887594, 22.1630487], [88.8881573, 22.1618911], [88.8889029, 22.1607683], [88.8895038, 22.1598939], [88.8902145, 22.159109], [88.8904989, 22.158786], [88.8907778, 22.1584705], [88.8923147, 22.1565975], [88.8930376, 22.1557715], [88.8942781, 22.1540264], [88.8950345, 22.1528824], [88.8960215, 22.1516167], [88.8962415, 22.1513236], [88.8970005, 22.1506826], [88.8972258, 22.1503696], [88.8975209, 22.1500641], [88.8979755, 22.1496119], [88.8983014, 22.1492915], [88.8985468, 22.1490554], [88.8988311, 22.1487809], [88.8991148, 22.1485008], [88.8995647, 22.1480096], [88.8997833, 22.1477276], [88.8998651, 22.1475115], [88.8999993, 22.1471003], [88.9000314, 22.1466059], [88.9000743, 22.146047], [88.9002165, 22.1455327], [88.9004284, 22.1446756], [88.9006752, 22.1432198], [88.9009381, 22.1411676], [88.9015442, 22.1386037], [88.9023463, 22.1368386], [88.9040031, 22.1339201], [88.9054777, 22.1308843], [88.905778, 22.1304333], [88.9070468, 22.1285549], [88.9094808, 22.1255522], [88.9101836, 22.1248174], [88.9110958, 22.1239572], [88.9114623, 22.1235939], [88.912216, 22.1228271], [88.9128055, 22.1222892], [88.9138944, 22.1213219], [88.9143531, 22.1207293], [88.914687, 22.1203728], [88.9148345, 22.1202026], [88.9151497, 22.1198572], [88.9157076, 22.1193006], [88.9159758, 22.1190241], [88.9161415, 22.1187961], [88.9162601, 22.1186782], [88.9166879, 22.118211], [88.9170004, 22.1177935], [88.9171989, 22.1175128], [88.917616, 22.1169475], [88.9184287, 22.1161126], [88.9191341, 22.1154317], [88.9198033, 22.114885], [88.920443, 22.1141569], [88.9213496, 22.1131331], [88.9225084, 22.1117093], [88.9235491, 22.1101488], [88.9241284, 22.1091796], [88.9245093, 22.1081956], [88.9248472, 22.1068438], [88.9249062, 22.1058], [88.9245683, 22.1042642], [88.9237797, 22.1017891], [88.9225781, 22.0987771], [88.922318, 22.098262], [88.9216715, 22.0972904], [88.9209768, 22.0962583], [88.9205986, 22.0958048], [88.9193514, 22.094341], [88.9191489, 22.0940627], [88.9188579, 22.0937533], [88.9184622, 22.0932351], [88.9175597, 22.0922509], [88.9173465, 22.0920621], [88.9170862, 22.091898], [88.9166678, 22.0914656], [88.9163527, 22.0912642], [88.916169, 22.0910729], [88.9157814, 22.0908741], [88.9156057, 22.0907609], [88.915432, 22.0906852], [88.9150853, 22.0904715], [88.914683, 22.0902739], [88.9139454, 22.0900005], [88.9133593, 22.0898104], [88.9128743, 22.0896304], [88.9124688, 22.0894525], [88.912163, 22.0892736], [88.9112028, 22.0888597], [88.910842, 22.0887118], [88.9100387, 22.088354], [88.9084375, 22.0877898], [88.9065599, 22.0867136], [88.9041566, 22.0882247], [88.8997793, 22.0894972], [88.8970422, 22.0899153], [88.895874, 22.0900937], [88.8928699, 22.0897358], [88.8884497, 22.0879066], [88.886615, 22.0865148], [88.8848984, 22.0855902], [88.8820767, 22.0852224], [88.879652, 22.0853218], [88.8752961, 22.0861569], [88.8693094, 22.0885031], [88.861413, 22.093931], [88.855834, 22.0982652], [88.8514137, 22.1024402], [88.8490748, 22.1064163], [88.8486886, 22.1103923], [88.8488817, 22.1152627], [88.8471865, 22.1190795], [88.8445687, 22.1218823], [88.8420367, 22.1235123], [88.8363719, 22.1248242], [88.833003, 22.1253013], [88.8265657, 22.1256988], [88.8211369, 22.1253808], [88.8146567, 22.1270107], [88.808316, 22.1273288], [88.8061595, 22.1273089], [88.8038635, 22.1255398], [88.8001728, 22.1213456], [88.798821, 22.116853], [88.7963533, 22.1139308], [88.7914609, 22.1109688], [88.7851953, 22.1090604], [88.7801313, 22.1069531], [88.7752389, 22.1030168], [88.7727069, 22.0931556], [88.7695741, 22.0883043], [88.7649393, 22.0849639], [88.7577295, 22.0812258], [88.7538242, 22.0762945], [88.7460136, 22.0674258], [88.7448978, 22.0564882], [88.7464428, 22.0450327], [88.7506483, 22.0177028], [88.7358854, 21.9994003], [88.7204359, 21.9826873], [88.7159727, 21.9664499], [88.716831, 21.9483], [88.7220668, 21.9399008], [88.7231915, 21.934224], [88.6998292, 21.9380545], [88.6921038, 21.9153831], [88.6774553, 21.8600421], [88.6805943, 21.7454084], [88.676409, 21.6336011], [88.6889648, 21.5898268], [88.7130301, 21.5674481], [88.7444196, 21.5606366], [88.7851255, 21.563984], [88.8122315, 21.5596293], [88.8572315, 21.5411935], [88.8872315, 21.5401969], [88.9166958, 21.5476712], [88.9793744, 21.5815499], [89.0988387, 21.6179108], [89.1265441, 21.6286704], [89.2076104, 21.6401971], [89.2913811, 21.658067], [89.3627923, 21.6861438], [89.4293969, 21.6989041], [89.4973748, 21.7001801], [89.5523064, 21.7001801], [89.599685, 21.7059218], [89.7184747, 21.7397297], [89.8661034, 21.797121], [89.9354946, 21.8455979], [89.9083325, 21.9389059], [89.88018, 22.0025837], [89.8767468, 22.0302746], [89.87775, 22.0340002], [89.89048, 22.0812656], [89.8965739, 22.099637], [89.9000072, 22.1160182], [89.8974322, 22.1416994], [89.8915958, 22.1719065], [89.8843629, 22.1880154], [89.8816394, 22.1940808], [89.8757171, 22.201392], [89.8577759, 22.219391], [89.8570485, 22.2200941]]]]}, "properties": {"name": "Sundarbans (West Bengal)", "designation": "National Park", "designationType": "National", "iucnCategory": "II", "marineAreaKm2": null, "status": "Designated", "source": "OpenStreetMap contributors (ODbL)", "osmRelation": 14937802}}, {"type": "Feature", "geometry": {"type": "MultiPolygon", "coordinates": [[[[88.6304158, 21.6653204], [88.63033, 21.6650313], [88.6302924, 21.6648617], [88.63033, 21.6645875], [88.6303621, 21.6643781], [88.6303353, 21.6641089], [88.6303031, 21.6639045], [88.6303139, 21.6637599], [88.630169, 21.6633112], [88.6299652, 21.6628925], [88.629756, 21.6625784], [88.6296648, 21.6623789], [88.6296272, 21.6621995], [88.6296165, 21.6619352], [88.6297077, 21.6616909], [88.6298042, 21.6614367], [88.6298579, 21.6611176], [88.6297452, 21.6607786], [88.6295199, 21.6605442], [88.6293054, 21.6603049], [88.629241, 21.6600906], [88.6293, 21.6598612], [88.6293375, 21.6596518], [88.6293161, 21.6595222], [88.629241, 21.6593976], [88.6290586, 21.6588441], [88.6290264, 21.6584951], [88.6290693, 21.6582708], [88.6291927, 21.6580315], [88.6292571, 21.657842], [88.6292678, 21.6576775], [88.6293483, 21.657493], [88.6295789, 21.6572188], [88.6296648, 21.6570044], [88.6298257, 21.6568997], [88.6300027, 21.6568199], [88.6301315, 21.6567551], [88.6302495, 21.6566504], [88.6304104, 21.6565108], [88.6305606, 21.6564909], [88.6307001, 21.6565058], [88.630861, 21.656451], [88.6310488, 21.656441], [88.6311936, 21.6565407], [88.6312687, 21.6566006], [88.6314136, 21.6566554], [88.6315209, 21.6566504], [88.6317033, 21.6566754], [88.6318105, 21.6567651], [88.6318105, 21.6569496], [88.6317944, 21.6571091], [88.6318642, 21.6572288], [88.6320251, 21.6573684], [88.6321109, 21.6574681], [88.6321431, 21.6575977], [88.6322236, 21.6578021], [88.6323577, 21.6581362], [88.6323899, 21.6584353], [88.6322987, 21.6588142], [88.6321324, 21.6592031], [88.6319607, 21.6593976], [88.6318052, 21.659572], [88.6316711, 21.6597814], [88.6316389, 21.6600158], [88.6316389, 21.6602451], [88.6316657, 21.6603997], [88.6316711, 21.6606689], [88.6315638, 21.6611774], [88.6314672, 21.6615713], [88.6313921, 21.6619003], [88.6313868, 21.6621197], [88.6314511, 21.6623939], [88.6315906, 21.6626731], [88.6318427, 21.6633412], [88.6320519, 21.6639444], [88.6322451, 21.6643532], [88.6322558, 21.6644878], [88.6321002, 21.6646125], [88.6320198, 21.6647172], [88.6320734, 21.6648518], [88.6322075, 21.6650213], [88.6324596, 21.665121], [88.6326903, 21.6652456], [88.6329049, 21.6654849], [88.6330444, 21.6656744], [88.633216, 21.6658588], [88.6333877, 21.666123], [88.6334628, 21.6664172], [88.633495, 21.6665618], [88.633393, 21.6667512], [88.6333984, 21.6669107], [88.633554, 21.6671451], [88.6335808, 21.6673445], [88.6336827, 21.6678281], [88.6336881, 21.6680524], [88.6337578, 21.6682817], [88.6338168, 21.6685011], [88.6339134, 21.668855], [88.6339295, 21.6690445], [88.6340207, 21.6692389], [88.6339939, 21.6693037], [88.6339241, 21.6693935], [88.6339349, 21.6694583], [88.6340421, 21.6694782], [88.6341441, 21.6694882], [88.6341387, 21.669548], [88.6340207, 21.6696826], [88.6340314, 21.669877], [88.6341065, 21.6700116], [88.6341226, 21.6701612], [88.6340904, 21.6703805], [88.6341548, 21.67058], [88.6341172, 21.6706896], [88.6340582, 21.6707893], [88.6341119, 21.6708541], [88.634246, 21.6708492], [88.6342621, 21.670914], [88.6342031, 21.6709688], [88.6341441, 21.6711433], [88.6341011, 21.6712879], [88.6340636, 21.6714075], [88.634128, 21.6715371], [88.6342943, 21.671582], [88.6344176, 21.6716368], [88.6344606, 21.6717714], [88.6345357, 21.671921], [88.6346537, 21.6720805], [88.6346108, 21.6722051], [88.634482, 21.6721802], [88.6342943, 21.6720157], [88.6340904, 21.6718263], [88.6339509, 21.6716867], [88.6338437, 21.6714923], [88.6337739, 21.6712729], [88.6336076, 21.6710984], [88.6335486, 21.6709289], [88.6335272, 21.6706946], [88.6334574, 21.6704653], [88.6333555, 21.6702808], [88.6332965, 21.6700964], [88.6331892, 21.6699468], [88.6330658, 21.6698471], [88.63298, 21.6697125], [88.6328834, 21.6695729], [88.6328137, 21.6694632], [88.6329102, 21.6693436], [88.6328995, 21.669194], [88.6327922, 21.6690245], [88.6326152, 21.66886], [88.6325937, 21.6687603], [88.6325937, 21.6685908], [88.6326688, 21.6683914], [88.6327654, 21.6682468], [88.6327708, 21.6681621], [88.6326849, 21.6681072], [88.6324328, 21.6682269], [88.6322129, 21.6683166], [88.632068, 21.6682119], [88.6321646, 21.6680275], [88.6323738, 21.6678929], [88.6325294, 21.6676586], [88.6325079, 21.6674392], [88.6323899, 21.6672597], [88.6323202, 21.6670005], [88.6321753, 21.6667911], [88.6320573, 21.6666714], [88.6319017, 21.6665418], [88.6317569, 21.6663972], [88.6316174, 21.6662327], [88.6315209, 21.666128], [88.631435, 21.6659835], [88.6313438, 21.6658538], [88.6312687, 21.6658189], [88.6312205, 21.6657392], [88.6311293, 21.6656444], [88.630904, 21.6655846], [88.6306411, 21.66545], [88.6304694, 21.6654051], [88.6304158, 21.6653204]]]]}, "properties": {"name": "Haliday Island (West Bengal)", "designation": "Wildlife Sanctuary", "designationType": "National", "iucnCategory": "IV", "marineAreaKm2": null, "status": "Designated", "source": "OpenStreetMap contributors (ODbL)", "osmRelation": 19896831}}, {"type": "Feature", "geometry": {"type": "MultiPolygon", "coordinates": [[[[80.81354, 15.890517], [80.8122648, 15.8885549], [80.8127856, 15.8888722], [80.8132204, 15.8891545], [80.8140527, 15.8894316], [80.8141885, 15.889144], [80.8145703, 15.8865265], [80.8146078, 15.8860177], [80.8147601, 15.8839529], [80.8136965, 15.8811786], [80.8129991, 15.880544], [80.8119151, 15.8807338], [80.8100497, 15.8813296], [80.8072395, 15.8823817], [80.806212, 15.8822712], [80.8049663, 15.8814336], [80.8067568, 15.8780707], [80.8037736, 15.8784637], [80.8011245, 15.8796112], [80.8001934, 15.878837], [80.7977012, 15.8790944], [80.7978435, 15.8801885], [80.7960524, 15.8804825], [80.7946182, 15.8792805], [80.7932249, 15.8791562], [80.7913638, 15.87899], [80.7908509, 15.8782517], [80.7907808, 15.8774251], [80.7905436, 15.8770469], [80.7897131, 15.8773285], [80.7892503, 15.8773689], [80.7888469, 15.8773235], [80.7884307, 15.8771939], [80.7880275, 15.8770442], [80.7881352, 15.8767762], [80.7880778, 15.8765149], [80.7875946, 15.8762745], [80.7875301, 15.8762424], [80.7842908, 15.8751958], [80.7839352, 15.8725236], [80.7825775, 15.8727195], [80.7815395, 15.8724979], [80.7810026, 15.8727512], [80.7769774, 15.8730116], [80.7729678, 15.8714136], [80.7678793, 15.8678929], [80.7649049, 15.8637508], [80.7665874, 15.8629703], [80.7669978, 15.8628025], [80.7676484, 15.8629245], [80.7678831, 15.8631664], [80.768396, 15.863695], [80.7689858, 15.8637407], [80.7696266, 15.8637884], [80.7699956, 15.863618], [80.7704631, 15.8635136], [80.7709286, 15.8633487], [80.7713939, 15.8634133], [80.7714522, 15.8625519], [80.7714333, 15.862076], [80.7712573, 15.8614385], [80.7709751, 15.8609411], [80.7742836, 15.8587421], [80.7775843, 15.8563785], [80.7801307, 15.854555], [80.7804598, 15.8542497], [80.7841492, 15.8508269], [80.7850241, 15.8500152], [80.790634, 15.8430105], [80.7919657, 15.8431542], [80.7928957, 15.8441716], [80.7938433, 15.8452081], [80.7953346, 15.8459306], [80.7968798, 15.8466773], [80.8017101, 15.8462403], [80.8020401, 15.8459719], [80.8055699, 15.8421737], [80.8070826, 15.8402952], [80.8083352, 15.8387076], [80.8083677, 15.8385737], [80.80833, 15.8383613], [80.8084144, 15.8382106], [80.8088024, 15.8378756], [80.8092325, 15.8375767], [80.8092713, 15.8375497], [80.8115458, 15.833421], [80.8120823, 15.8314186], [80.8123398, 15.8287039], [80.8114386, 15.8241105], [80.8106768, 15.8214577], [80.8104515, 15.8203739], [80.8103261, 15.8173173], [80.8100535, 15.8168374], [80.810053, 15.8165853], [80.809741, 15.8159061], [80.8096441, 15.8157459], [80.8096222, 15.8153872], [80.8095344, 15.8153776], [80.8094288, 15.8153945], [80.8093948, 15.8152383], [80.8093521, 15.8149774], [80.8093652, 15.8147732], [80.8094564, 15.8146042], [80.8094244, 15.8144066], [80.8094591, 15.8142107], [80.8094825, 15.8141255], [80.8094566, 15.8140538], [80.8093898, 15.8140554], [80.8093229, 15.8142758], [80.8092499, 15.8145421], [80.8091547, 15.8149357], [80.8090691, 15.81518], [80.8090112, 15.8154958], [80.8088423, 15.8157079], [80.808681, 15.8159623], [80.8085682, 15.8159541], [80.8084978, 15.8158709], [80.8083864, 15.8158881], [80.808295, 15.8159673], [80.8081354, 15.8159586], [80.8079838, 15.8158267], [80.8076074, 15.8156327], [80.8073885, 15.8156174], [80.8071328, 15.8155995], [80.8068542, 15.8154918], [80.8066642, 15.8152798], [80.8064627, 15.8152363], [80.8062483, 15.8152162], [80.8060132, 15.8153672], [80.805478, 15.8154692], [80.8051331, 15.8153938], [80.8047246, 15.8154998], [80.8042288, 15.8157287], [80.8032437, 15.816254], [80.8026146, 15.8165245], [80.8022048, 15.8166686], [80.8017239, 15.816539], [80.8013205, 15.8167835], [80.8008351, 15.8170652], [80.8002376, 15.8172358], [80.799205, 15.8168209], [80.7977419, 15.8158529], [80.797142, 15.8155829], [80.7970239, 15.8151948], [80.7967163, 15.8149985], [80.7963588, 15.8149823], [80.79608, 15.8147714], [80.7961167, 15.8142574], [80.7957965, 15.8137081], [80.795618, 15.8130148], [80.7957431, 15.8122884], [80.7956028, 15.8117235], [80.7954851, 15.8087954], [80.7955396, 15.8080645], [80.7961339, 15.8058215], [80.7969117, 15.8025772], [80.7985854, 15.7968373], [80.800066, 15.7933479], [80.801847, 15.7897346], [80.8026447, 15.7875275], [80.8031348, 15.7863646], [80.8034412, 15.7859601], [80.8038852, 15.7855629], [80.8041052, 15.7844571], [80.8042819, 15.7839093], [80.8038318, 15.7815062], [80.8045936, 15.7798026], [80.8056235, 15.7768085], [80.8060741, 15.7738556], [80.8072543, 15.7708407], [80.8076732, 15.7701221], [80.8085311, 15.7680427], [80.8106446, 15.7653684], [80.8107116, 15.7651282], [80.8111778, 15.7634579], [80.8119964, 15.7598753], [80.8120339, 15.7594995], [80.8121037, 15.7588015], [80.8118014, 15.7569749], [80.8124869, 15.7537988], [80.8124256, 15.7510985], [80.8126616, 15.7501898], [80.8129038, 15.7491759], [80.8135051, 15.7466591], [80.8143139, 15.7442006], [80.8146281, 15.7435279], [80.8151722, 15.7435191], [80.8155371, 15.7427991], [80.8160305, 15.7418255], [80.8152906, 15.7411565], [80.815101, 15.74089], [80.8147057, 15.7405742], [80.8144249, 15.740389], [80.8142163, 15.7402109], [80.8139403, 15.7398911], [80.8129406, 15.7398635], [80.8127498, 15.7398287], [80.8121394, 15.73959], [80.811367, 15.7396771], [80.8069968, 15.7405863], [80.804932, 15.7416462], [80.8010684, 15.7460212], [80.8004101, 15.7478486], [80.8001158, 15.7504925], [80.7999587, 15.7519039], [80.7996368, 15.7527093], [80.7991593, 15.7552637], [80.7987819, 15.75538], [80.7986292, 15.7549292], [80.7981469, 15.7549863], [80.7983839, 15.7543514], [80.7986096, 15.7533075], [80.7977056, 15.753143], [80.7970829, 15.7536892], [80.7965558, 15.7545507], [80.7962713, 15.7559807], [80.7956242, 15.7569222], [80.7942724, 15.7587602], [80.7931543, 15.76035], [80.7932854, 15.761056], [80.7934369, 15.7618584], [80.793021, 15.762587], [80.7922757, 15.7628884], [80.792208, 15.7632468], [80.791879, 15.7649892], [80.7921559, 15.7655786], [80.7919948, 15.7671381], [80.7923092, 15.7687472], [80.7929774, 15.769785], [80.7932506, 15.770408], [80.7929058, 15.7709505], [80.7919951, 15.7709572], [80.7910518, 15.7705513], [80.7901091, 15.7691845], [80.7900389, 15.7693512], [80.7899237, 15.7696249], [80.7892085, 15.7713245], [80.7884383, 15.7723509], [80.7880226, 15.7736493], [80.7885769, 15.7744511], [80.7877352, 15.7790029], [80.7869106, 15.7795648], [80.7864855, 15.7798544], [80.7864506, 15.7806348], [80.7867616, 15.7817742], [80.7874152, 15.7826296], [80.7879931, 15.7825526], [80.7885381, 15.7827352], [80.7885599, 15.7836473], [80.7879901, 15.7841904], [80.7877254, 15.7855212], [80.7872061, 15.785312], [80.7872052, 15.7846514], [80.7871926, 15.7840978], [80.7869193, 15.7835521], [80.7865546, 15.7829285], [80.7860456, 15.7817692], [80.7857546, 15.7815322], [80.7854145, 15.7809196], [80.7852672, 15.7805709], [80.785201, 15.7803842], [80.7851316, 15.7802886], [80.7850621, 15.7803612], [80.7851106, 15.7807432], [80.7851399, 15.7810527], [80.7852224, 15.7815551], [80.7852659, 15.7819634], [80.7853594, 15.7824947], [80.7854845, 15.7831282], [80.7854543, 15.783468], [80.7857286, 15.783779], [80.785788, 15.7841233], [80.7856264, 15.7847411], [80.7849472, 15.7858728], [80.7844218, 15.7862862], [80.7829881, 15.7894784], [80.7827711, 15.7899617], [80.7826209, 15.793544], [80.7818216, 15.796406], [80.780847, 15.7976892], [80.7798711, 15.7992364], [80.7786424, 15.8000779], [80.7797096, 15.7982972], [80.7801854, 15.7968373], [80.779948, 15.7962716], [80.7795546, 15.7960083], [80.7782543, 15.7965586], [80.7765591, 15.7977974], [80.7753467, 15.8002647], [80.7745314, 15.8016068], [80.7741022, 15.8023604], [80.7740089, 15.8038116], [80.7742631, 15.8045696], [80.7743298, 15.8053417], [80.7735124, 15.8082192], [80.7739418, 15.8097264], [80.7738984, 15.8101899], [80.773743, 15.8115248], [80.7732815, 15.8120751], [80.772525, 15.8125627], [80.7722947, 15.8135714], [80.7719815, 15.8163003], [80.7716491, 15.8167495], [80.770815, 15.816803], [80.7697521, 15.8167254], [80.7690167, 15.8161106], [80.768658, 15.8132475], [80.7683623, 15.8113003], [80.7687056, 15.8099377], [80.7687002, 15.8070936], [80.7698483, 15.804327], [80.7711303, 15.7996815], [80.7744526, 15.7939095], [80.7756473, 15.7922893], [80.7762364, 15.7914746], [80.7764089, 15.7904779], [80.7769078, 15.7893268], [80.7800138, 15.7845466], [80.7803839, 15.781883], [80.7807327, 15.780262], [80.7817609, 15.7781256], [80.782283, 15.7770408], [80.7832325, 15.7752649], [80.7836133, 15.7735303], [80.7834792, 15.772059], [80.7831466, 15.7682078], [80.7837797, 15.764088], [80.7858503, 15.7589254], [80.7892835, 15.7538193], [80.7922232, 15.748961], [80.7940579, 15.746906], [80.7964879, 15.7442058], [80.7991111, 15.741712], [80.8023727, 15.739182], [80.8041, 15.7382732], [80.8061278, 15.7372819], [80.8081126, 15.735929], [80.8096361, 15.7345968], [80.810577, 15.7337396], [80.8110416, 15.7333163], [80.8121359, 15.7319842], [80.8125693, 15.7314604], [80.8131015, 15.7308173], [80.8139276, 15.7287209], [80.8154296, 15.725189], [80.8167325, 15.7229057], [80.8182192, 15.721151], [80.8212017, 15.719137], [80.8214108, 15.7189523], [80.8227682, 15.7175982], [80.8258689, 15.7158115], [80.8264728, 15.7155531], [80.8270085, 15.7155738], [80.8318753, 15.7138223], [80.8324122, 15.7137414], [80.8327769, 15.7137596], [80.8334325, 15.7137921], [80.8369088, 15.7139216], [80.8413505, 15.7133742], [80.846951, 15.7135291], [80.8476899, 15.7135872], [80.8595681, 15.7145206], [80.8613235, 15.7146211], [80.8700288, 15.7151196], [80.8779466, 15.7163693], [80.8821044, 15.7168624], [80.8884824, 15.7176189], [80.8974087, 15.7188066], [80.9066891, 15.7204899], [80.9164631, 15.7229272], [80.9199026, 15.7240287], [80.9207359, 15.7246954], [80.9215871, 15.7249872], [80.9218829, 15.7253436], [80.9223128, 15.7255776], [80.9234079, 15.7256114], [80.9278362, 15.7229365], [80.9290254, 15.7226295], [80.9358057, 15.7199986], [80.9368954, 15.7199393], [80.9382497, 15.7200062], [80.9397282, 15.720266], [80.9406674, 15.7209444], [80.9432316, 15.7226587], [80.9463, 15.7246199], [80.9495401, 15.7264798], [80.9521687, 15.7277501], [80.9557093, 15.7296502], [80.9601616, 15.7319429], [80.9679937, 15.7366416], [80.9723926, 15.7390787], [80.9752985, 15.740664], [80.9769952, 15.7417119], [80.9781753, 15.743106], [80.9807844, 15.7457118], [80.983016, 15.7480638], [80.9841406, 15.7485686], [80.9860932, 15.7497147], [80.98737, 15.7505408], [80.9892475, 15.7519038], [80.9908032, 15.7531326], [80.9936571, 15.7552391], [80.9958351, 15.7565918], [80.9969872, 15.7573623], [80.9978949, 15.7580167], [80.9984958, 15.7589667], [81.0031753, 15.7630447], [81.0039112, 15.763686], [81.0085487, 15.7671856], [81.0107267, 15.7667211], [81.0120249, 15.7669275], [81.0132373, 15.7679084], [81.0139775, 15.7683111], [81.0146964, 15.7689306], [81.0150075, 15.7694572], [81.0150504, 15.7703245], [81.0146642, 15.770882], [81.014117, 15.771388], [81.012336, 15.7723998], [81.0120785, 15.7736594], [81.0121322, 15.7747849], [81.0120785, 15.7759412], [81.0120678, 15.7764058], [81.0125005, 15.7813296], [81.0140002, 15.7881329], [81.0132803, 15.7957772], [81.0132353, 15.796177], [81.0123329, 15.8068816], [81.0118783, 15.8129238], [81.0119603, 15.8181438], [81.0109805, 15.823425], [81.0107372, 15.8279], [81.0107916, 15.8298061], [81.0106826, 15.8309635], [81.0101113, 15.8314886], [81.0091308, 15.8319429], [81.009009, 15.8340621], [81.0107036, 15.8355761], [81.0127734, 15.8376604], [81.014694, 15.8408234], [81.0142308, 15.8447054], [81.0152824, 15.8475476], [81.0180338, 15.851578], [81.0223649, 15.8564021], [81.026315, 15.8608886], [81.0298941, 15.8645269], [81.0341283, 15.8686382], [81.0389066, 15.8736722], [81.0424289, 15.8775646], [81.0446781, 15.880083], [81.0466709, 15.8826733], [81.0420225, 15.8905131], [81.0346411, 15.8990982], [81.0291544, 15.9002477], [81.0266659, 15.8980961], [81.0247511, 15.8955555], [81.0230672, 15.8922022], [81.0190264, 15.8883867], [81.0163103, 15.8858842], [81.0151224, 15.885345], [81.0138239, 15.8843334], [81.0138964, 15.8837056], [81.0117156, 15.8830045], [81.0111687, 15.8826019], [81.0025743, 15.8770772], [81.0017834, 15.8770697], [80.9978533, 15.8740836], [80.9922471, 15.8699067], [80.9871286, 15.8662018], [80.9869247, 15.8660444], [80.9850734, 15.8648448], [80.9808093, 15.8612278], [80.9792303, 15.8599047], [80.9754039, 15.8563394], [80.9743374, 15.8576363], [80.9685243, 15.8541831], [80.9690496, 15.8528632], [80.9626978, 15.8497634], [80.9625931, 15.8497037], [80.9574259, 15.8467556], [80.9531032, 15.8447648], [80.9506568, 15.843367], [80.9498093, 15.8421243], [80.9457477, 15.8378164], [80.9453312, 15.8330815], [80.9490817, 15.829638], [80.9323193, 15.8179692], [80.9344015, 15.8128288], [80.9324463, 15.8102398], [80.9323399, 15.8100989], [80.9314822, 15.8091823], [80.930376, 15.8082882], [80.92905, 15.806431], [80.9278733, 15.8060201], [80.9255023, 15.8056926], [80.9234098, 15.8044267], [80.9209314, 15.8033494], [80.9186073, 15.8028603], [80.9175467, 15.8022023], [80.9177837, 15.8000965], [80.9172866, 15.7986021], [80.9172538, 15.7982271], [80.9125754, 15.7970543], [80.9044065, 15.7952507], [80.9025701, 15.7950314], [80.9009523, 15.7931153], [80.9003259, 15.7899022], [80.899018, 15.7890824], [80.8977746, 15.788189], [80.8960315, 15.7869366], [80.8904642, 15.7829363], [80.8890018, 15.7818855], [80.886923, 15.7828385], [80.8842537, 15.781496], [80.8833427, 15.777668], [80.8810475, 15.7758017], [80.8771727, 15.7758303], [80.8765664, 15.7758427], [80.8761876, 15.7757843], [80.8757187, 15.7758975], [80.8727793, 15.7760837], [80.8682797, 15.7761995], [80.8670817, 15.7783235], [80.8656942, 15.7807836], [80.8563523, 15.7786501], [80.8502395, 15.7766391], [80.8487503, 15.7762], [80.8481095, 15.7760756], [80.8469162, 15.7760265], [80.8427558, 15.7760962], [80.839784, 15.7690443], [80.8376995, 15.7692269], [80.8305894, 15.7698497], [80.8307074, 15.7780476], [80.8315013, 15.7932139], [80.8318173, 15.7969571], [80.8349637, 15.8030596], [80.8409054, 15.8149037], [80.8435059, 15.8197958], [80.847001, 15.8266911], [80.8495537, 15.8335385], [80.8515929, 15.8392334], [80.8518354, 15.8396347], [80.8523879, 15.8425072], [80.8527122, 15.8482633], [80.85739, 15.868347], [80.8591859, 15.8760434], [80.8595778, 15.8777226], [80.8555876, 15.8797503], [80.8482704, 15.8793376], [80.8353567, 15.8782353], [80.8347144, 15.8768771], [80.8346851, 15.8768152], [80.8344877, 15.8766742], [80.8343176, 15.8769262], [80.8338879, 15.8773804], [80.8333495, 15.8777006], [80.8323933, 15.8782706], [80.8316496, 15.8785431], [80.8306084, 15.8787452], [80.8297702, 15.878861], [80.8290477, 15.8789451], [80.8284339, 15.8791449], [80.8276807, 15.8794083], [80.8267127, 15.8797422], [80.8259406, 15.8802259], [80.8252181, 15.8806846], [80.8247176, 15.8811479], [80.8239314, 15.8818995], [80.823249, 15.8825649], [80.8221488, 15.8837435], [80.8217734, 15.8843612], [80.8214735, 15.8851265], [80.8212728, 15.886053], [80.8211973, 15.8867592], [80.8209942, 15.8874223], [80.8205574, 15.8885373], [80.8201891, 15.8891868], [80.8204299, 15.8892276], [80.8202883, 15.8895955], [80.8199648, 15.8901019], [80.8197311, 15.890472], [80.8190865, 15.8909852], [80.8183971, 15.8914099], [80.817677, 15.8917528], [80.8173606, 15.8918323], [80.8172378, 15.8917505], [80.8168482, 15.8919367], [80.8166641, 15.8920457], [80.8160242, 15.8920207], [80.8152144, 15.8917323], [80.8146147, 15.8914894], [80.8142298, 15.8911828], [80.8137269, 15.890715], [80.81354, 15.890517]]]]}, "properties": {"name": "Krishna (Andhra Pradesh)", "designation": "Wildlife Sanctuary", "designationType": "National", "iucnCategory": "IV", "marineAreaKm2": null, "status": "Designated", "source": "OpenStreetMap contributors (ODbL)", "osmRelation": 20066333}}], "orca_source": "Protected Planet (WDPA/WDOECM), UNEP-WCMC; OpenStreetMap contributors (ODbL)", "orca_note": "Areas with a marine component only."}